frame,time,atom,vqls_displacement,classical_displacement,vqls_velocity_reconstructed,classical_velocity
0,0.0,1,0.01,0.01,0.0,0.0
0,0.0,2,0.0,0.0,0.0,0.0
0,0.0,3,0.0,0.0,0.0,0.0
1,0.002,1,0.009997379948497047,0.009997366792381926,-0.0013100257514764985,-0.0013166038090369322
1,0.002,2,2.6191373227959638e-06,2.6325799847838047e-06,0.0013095686613979818,0.0013162899923919024
1,0.002,3,2.123588542740295e-09,6.27633290059709e-10,1.0617942713701475e-06,3.138166450298545e-07
2,0.004,1,0.00999215519473833,0.009992103362133933,-0.0026123768793583774,-0.002631715123996864
2,0.004,2,7.839256281401353e-06,7.893500840219285e-06,0.002610059479302695,0.0026304604277177404
2,0.004,3,3.15614383700837e-09,3.1370258483086545e-09,5.162776471340376e-07,1.2546962791244727e-06
3,0.006,1,0.009984342316250026,0.009984214181374004,-0.0039064392441520365,-0.003944590379964516
3,0.006,2,1.5647305987996362e-05,1.577641153980329e-05,0.0039040248532975046,0.003941455349792002
3,0.006,3,1.1619442710932242e-08,9.407086193337552e-09,4.231649436961936e-06,3.135030172514449e-06
4,0.008,1,0.00997395499187335,0.009973705204000722,-0.005193662188338576,-0.005254488686641084
4,0.008,2,2.6023187171923236e-05,2.627285677282495e-05,0.005187940591963437,0.00524822261651083
4,0.008,3,2.1968034668553073e-08,2.193922645385017e-08,5.174295978810415e-06,6.266070130256309e-06
5,0.01,1,0.009961002874084315,0.009960583859025434,-0.006476058894516919,-0.006560672487644172
5,0.01,2,3.894988764185951e-05,3.937228645894866e-05,0.006463350234968138,0.006549714843061854
5,0.01,3,4.5137612800241556e-08,4.3854515618483036e-08,1.1584789065844241e-05,1.0957644582316434e-05
6,0.012,1,0.009945522385429235,0.009944859042596963,-0.007740244327539975,-0.007862408214235984
6,0.012,2,5.439620806435319e-05,5.50620671369049e-05,0.007723160211246837,0.007844890338978118
6,0.012,3,8.010344242135098e-08,7.889026613421522e-08,1.7482914810554714e-05,1.751787525786609e-05
7,0.014,1,0.009927508256932855,0.009926541108731793,-0.009007064248190214,-0.009158966932584995
7,0.014,2,7.235625124576212e-05,7.332749521297547e-05,0.008980021590704466,0.009132714038035289
7,0.014,3,1.2805362409776772e-07,1.313960552336253e-07,2.3975090838208368e-05,2.625289454970504e-05
8,0.016,1,0.00990704591455658,0.009905641858764433,-0.010231171188137753,-0.01044962498368046
8,0.016,2,9.284995888047421e-05,9.41518120529798e-05,0.010246853817356046,0.010412158420002164
8,0.016,3,2.588281653076423e-07,2.063291825902068e-07,6.53872706049373e-05,3.7466563678290754e-05
9,0.018000000000000002,1,0.00988405656969687,0.009882174529534361,-0.011494672429854767,-0.011733664615035257
9,0.018000000000000002,2,0.00011573700713975079,0.00011751622089951273,0.01144352412963829,0.011682204423266465
9,0.018000000000000002,3,3.602074352639915e-07,3.092495661277886e-07,5.068963497817459e-05,5.146019176879088e-05
10,0.02,1,0.009858604158007574,0.009856153780327701,-0.012726205844647981,-0.013010374603329908
10,0.02,2,0.00014105024688812294,0.0001433999055942548,0.012656619874186073,0.012941842347371032
10,0.02,3,4.953202100981055e-07,4.463140780455415e-07,6.755638741705697e-05,6.853225595887648e-05
11,0.022,1,0.009830716685823557,0.009827595678593362,-0.013943736092008295,-0.014279050867169879
11,0.022,2,0.00016876085360005954,0.00017178005108327534,0.013855303355968298,0.014190072744510264
11,0.022,3,6.716183278135305e-07,6.242703233647648e-07,8.814905885771253e-05,8.897812265961164e-05
12,0.024,1,0.009800406294359068,0.009796517684455063,-0.015155195732244851,-0.015538997069148882
12,0.024,2,0.00019885116355341696,0.00020263186568137963,0.01504515497667871,0.015425907299052135
12,0.024,3,8.942179119685935e-07,8.504498635582549e-07,0.0001112997920775315,0.00011308977009674505
13,0.026000000000000002,1,0.009767698331672731,0.009762938634042198,-0.016353981343168386,-0.016789525206433027
13,0.026000000000000002,2,0.00023126032910183322,0.0002359286050697158,0.01620458277420813,0.01664836969416808
13,0.026000000000000002,3,1.184480613995715e-06,1.1327608880881524e-06,0.00014513135101356078,0.00014115551226494868
14,0.028,1,0.009732608125998996,0.009726878721663989,-0.01754510283686738,-0.01802995618910419
14,0.028,2,0.00026599777189777776,0.0002716415979990581,0.01736872139797227,0.01785649646467115
14,0.028,3,1.527491832497628e-06,1.4796803369542421e-06,0.00017150560925095648,0.00017345972443304485
15,0.03,1,0.009695166446741075,0.009688359480852936,-0.018720839628960824,-0.019259620405525913
15,0.03,2,0.0003030075386477171,0.00030974027366942195,0.01850488337496966,0.019049337835181934
15,0.03,3,1.94391947003157e-06,1.9002454776422318e-06,0.00020821381876697098,0.0002102825703439948
16,0.032,1,0.009655409606578293,0.009647403764304894,-0.019878420081390763,-0.020477858274021328
16,0.032,2,0.0003422663226058491,0.00035019219075494595,0.019629391979065998,0.020225958542762
16,0.032,3,2.4433598611988153e-06,2.4040449401609326e-06,0.00024972019558362264,0.0002518997312593505
17,0.034,1,0.009613353898974141,0.009604035722744535,-0.021027853802075766,-0.021684020780180075
17,0.034,2,0.00038373807689190707,0.0003929630680412982,0.020735877143028998,0.021385438643176123
17,0.034,3,3.0480837629446068e-06,3.0012092141688826e-06,0.00030236195087289574,0.000298582137003975
18,0.036000000000000004,1,0.00956901468264631,0.009558280782746256,-0.022169608163915763,-0.022877469999139703
18,0.036000000000000004,2,0.0004273768830140491,0.00043801681664123153,0.021819403061071024,0.022526874299966658
18,0.036000000000000004,3,3.7436488369800355e-06,3.702400612515028e-06,0.00034778253701771435,0.00035059569917307256
19,0.038,1,0.009522431729387982,0.009510165623541822,-0.023291476629164025,-0.02405757960221695
19,0.038,2,0.000473136827884698,0.00048531557375232565,0.022879972435324438,0.023649378555547055
19,0.038,3,4.5505550654441265e-06,4.5188027058548636e-06,0.0004034531142320455,0.0004082010466699177
20,0.04,1,0.009473634104304319,0.009459718152847232,-0.02439881254183169,-0.025223735347294756
20,0.04,2,0.0005210185451267691,0.000534819737919417,0.023940858621035534,0.024752082083545703
20,0.04,3,5.474595608194052e-06,5.462109233353029e-06,0.00046202027137496276,0.0004716532637490827
21,0.042,1,0.009422641980078092,0.009406967481742426,-0.025496062113113116,-0.02637533555240292
21,0.042,2,0.0005709432284210106,0.0005864880057627302,0.02496234164712076,0.025834133921656538
21,0.042,3,6.536486707881711e-06,6.544512494845863e-06,0.0005309455498438292,0.0005412016307464168
22,0.044,1,0.009369491984206512,0.0093519438986385,-0.026574997935790122,-0.027511791551962525
22,0.044,2,0.0006228850096978095,0.0006402774101312883,0.025970890638399455,0.02689470218427908
22,0.044,3,7.74666548706981e-06,7.778691230212824e-06,0.0006050893895940499,0.0006170893676834805
23,0.046,1,0.00931420381793051,0.009294678842368105,-0.027644083138001103,-0.02863252813519798
23,0.046,2,0.0006767981855751039,0.0006961433596398032,0.02695658793864722,0.027932974754257465
23,0.046,3,9.1245144438602e-06,9.177797992093932e-06,0.0006889244783951946,0.0006995533809405537
24,0.048,1,0.009256819886302493,0.009235204874435595,-0.02869196581400859,-0.029736983966254425
24,0.048,2,0.0007326494658061844,0.0007540396795459147,0.027925640115540204,0.02894815995305578
24,0.048,3,1.0676805034198038e-05,1.0755446018491301e-05,0.0007761452951689193,0.0007888240131986845
25,0.05,1,0.00919736055552543,0.00917355565046441,-0.02972966538853164,-0.030824611985593112
25,0.05,2,0.0007903956701712018,0.0008139186539233861,0.028873102182508718,0.029939487188735677
25,0.05,3,1.2417372627945347e-05,1.2525695612206252e-05,0.0008702837968736543,0.0008851247968574753
26,0.052000000000000005,1,0.009135865166665902,0.009109765890879864,-0.030747694429763932,-0.03189487979227274
26,0.052000000000000005,2,0.0008499550698562305,0.0008757310690856488,0.029779699842514357,0.03090620758113137
26,0.052000000000000005,3,1.4337559377592691e-05,1.450304003448907e-05,0.000960093374823672,0.0009886722111414096
27,0.054,1,0.00907235981717109,0.009043871350866343,-0.03175267474740586,-0.03294727000676043
27,0.054,2,0.0009113135165821659,0.0009394262582129429,0.030679223362967696,0.03184759456364705
27,0.054,3,1.6486765746440663e-05,1.6702390920715907e-05,0.001074603184423986,0.0010996754431134184
28,0.056,1,0.00900689035350174,0.00897590878963844,-0.03273473183467487,-0.0339812806139524
28,0.056,2,0.0009744085461287954,0.0010049521471352076,0.03154751477331473,0.03276294446113236
28,0.056,3,1.8867996985175587e-05,1.9139063226356097e-05,0.0011906156193674615,0.001218336152820096
29,0.058,1,0.008939475047397115,0.008905915939066197,-0.033707653052312755,-0.03499642528612093
29,0.058,2,0.0010392121090557144,0.0010722553012218528,0.032401781463459525,0.03365157704332258
29,0.058,3,2.148188648869162e-05,2.1828759711952932e-05,0.001306944751758017,0.0013448482427984166
30,0.06,1,0.008870161474393812,0.008833931471695115,-0.03465678650165123,-0.0359922336855409
30,0.06,2,0.0011056166665914565,0.001141280973328577,0.03320227876787106,0.034512836053362035
30,0.06,3,2.4364287672299714e-05,2.4787554976310823e-05,0.0014412005918040469,0.0014793976321789463
31,0.062,1,0.008798981893033565,0.008759994968201942,-0.03558979068012374,-0.03696825174658623
31,0.062,2,0.0011736407969893015,0.0012119731527504988,0.03401206519892247,0.035346089710960926
31,0.062,3,2.7527578177351047e-05,2.8031879047561623e-05,0.0015816452525256666,0.0016221620356253997
32,0.064,1,0.008725973471208315,0.008684146884327695,-0.03650421091262474,-0.03792404193712359
32,0.064,2,0.0012431826930338833,0.0012842746151300365,0.03477094802229093,0.036150731189768845
32,0.064,3,3.098182126696949e-05,3.1578500542271315e-05,0.0017271215448092215,0.0017733107473548466
33,0.066,1,0.008651175402247144,0.008606428517329559,-0.037399034480585513,-0.038859183499067806
33,0.066,2,0.0013142263610891197,0.0013581269732671983,0.03552183402761818,0.036926179068580915
33,0.066,3,3.472678447284859e-05,3.5444509403245275e-05,0.0018724816029395503,0.0019330044304869804
34,0.068,1,0.008574624224686281,0.008526881971993559,-0.03827558878043147,-0.03977327266800013
34,0.068,2,0.001386698175105431,0.0014334707287792497,0.03623590700815567,0.037671877756025735
34,0.068,3,3.878741674731032e-05,3.964729922719428e-05,0.002030316137230864,0.002101394911974501
35,0.07,1,0.008496349325250558,0.008445550126249984,-0.03913744971786176,-0.04066592287178767
35,0.07,2,0.0014605977513213759,0.0015102453245560855,0.03694978810797243,0.038387297888417875
35,0.07,3,4.3195658483889244e-05,4.420454919393408e-05,0.002204120868289462,0.0022786249833699015
36,0.07200000000000001,1,0.008416407708066632,0.008362476596433627,-0.03997080859196277,-0.04153676490817829
36,0.07200000000000001,2,0.001535774910218479,0.0015883891979570689,0.03758857944855161,0.03907193670049175
36,0.07200000000000001,3,4.796464070198432e-05,4.9134205609307386e-05,0.002384491109047539,0.00246482820768665
37,0.074,1,0.008334821957217044,0.008277705702230864,-0.04079287542479385,-0.04238544710138207
37,0.074,2,0.0016122223646988544,0.0016678398346946033,0.038223727240187653,0.0397253183687672
37,0.074,3,5.310902267337361e-05,5.4454463074537365e-05,0.002572190985694644,0.002660128732614989
38,0.076,1,0.008251633117573692,0.008191282431355492,-0.04159441982167639,-0.04321163543768566
38,0.076,2,0.0016898975517036076,0.0017485338233492664,0.038837593502376595,0.04034699432733155
38,0.076,3,5.8631323704282835e-05,6.0183745295245844e-05,0.002761150515454612,0.0028646411103542377
39,0.078,1,0.008166899886395339,0.008103252403995129,-0.04236661558917627,-0.04401501368018165
39,0.078,2,0.0017686966671721126,0.0018304069104609808,0.03939955773425252,0.04093654355585719
39,0.078,3,6.457000932433158e-05,6.634068554389504e-05,0.0029693428100243703,0.0030784701243245964
40,0.08,1,0.008080628001135374,0.00801366183706967,-0.04313594262998245,-0.04479528346272935
40,0.08,2,0.0018486007977931236,0.0019133940561403958,0.039952065310505484,0.04149357283970754
40,0.08,3,7.092617920679307e-05,7.294410678993896e-05,0.003178084941230748,0.003301710623021961
41,0.082,1,0.007992889383304771,0.007922557508343074,-0.043869308915301525,-0.04555216436329786
41,0.082,2,0.0019295148504696942,0.0019974294901444335,0.04045702633828532,0.042017717002018846
41,0.082,3,7.771482060747937e-05,8.00130015124973e-05,0.003394320700343148,0.0035344473612791694
42,0.084,1,0.007903720341657533,0.007829986720429323,-0.0445845208236189,-0.04628539395687567
42,0.084,2,0.0020114334394587346,0.0020824467683597924,0.04095929449452016,0.042508639107679456
42,0.084,3,8.497373327886249e-05,8.756651121089003e-05,0.00362945633569156,0.003776754849196369
43,0.08600000000000001,1,0.007813165299957537,0.007735997264732996,-0.045277520849998365,-0.046994727848163484
43,0.08600000000000001,2,0.0020942681103513616,0.002168378829638116,0.04141733544631349,0.04296603063916185
43,0.08600000000000001,3,9.272097454770639e-05,9.56239056288936e-05,0.003873620634421949,0.004028697209001787
44,0.088,1,0.007721256307906012,0.007640637385364398,-0.04595449602576252,-0.04767993968429902
44,0.088,2,0.002177959782155707,0.00225515805292651,0.04184583590217277,0.043389611644197
44,0.088,3,0.00010095651928480464,0.00010420456170909798,0.004117772368549124,0.004290328040102188
45,0.09,1,0.007628058499248541,0.007543955743068611,-0.046598904328735286,-0.04834082114789349
45,0.09,2,0.0022624152291637945,0.0023427163146371383,0.04222772350404372,0.043779130855314166
45,0.09,3,0.00010971398655382335,0.00011332794229425698,0.004378733634509355,0.004561690292579498
46,0.092,1,0.0075336035841610865,0.007446001379207232,-0.047227457543727244,-0.04897718193068902
46,0.092,2,0.0023476183655056207,0.0024309850461997433,0.04260156817091306,0.044134365781302504
46,0.092,3,0.0001190296729266164,0.00012301357459303035,0.004657843186396524,0.0048428161493866894
47,0.094,1,0.007437942752019967,0.0073468236798308805,-0.047830416070559954,-0.0495888496881759
47,0.094,2,0.0024334421290866577,0.002519895291741112,0.042911881790518504,0.044455122770684245
47,0.094,3,0.0001288773901054931,0.00013328102842801405,0.004923858589438356,0.005133726917491845
48,0.096,1,0.007341101063764006,0.007246472339879809,-0.04842084412798016,-0.050175669975535964
48,0.096,2,0.002519916195453229,0.0026093777658357555,0.04323703318328577,0.04474123704732167
48,0.096,3,0.0001393164863797056,0.000144149894284443,0.005219548137106239,0.005434432928214478
49,0.098,1,0.007243136724222673,0.007144997327549198,-0.04898216977066664,-0.05073750616530516
49,0.098,2,0.00260692547771553,0.0026993629112723808,0.04350464113115032,0.044992572718312744
49,0.098,3,0.0001503201466476261,0.0001556397611784282,0.005501830133960257,0.005744933446992597
50,0.1,1,0.007144107967457725,0.007042448848854849,-0.049514378382473856,-0.0512742393471744
50,0.1,2,0.0026943139814265453,0.0027897809567811044,0.04369425185550774,0.045209022754361915
50,0.1,3,0.00016191574221997122,0.00016777019436405355,0.005797797786172558,0.006065216592812671
51,0.10200000000000001,1,0.007044023615838174,0.006938877312434106,-0.050042175809775734,-0.051785768210371674
51,0.10200000000000001,2,0.0027821810438015786,0.002880561974666793,0.04393353118751662,0.04539050894284423
51,0.10200000000000001,3,0.00017413385671329482,0.0001805607128991088,0.006109057246661802,0.006395259267527621
52,0.10400000000000001,1,0.006942942978262702,0.006834333294615922,-0.05054031878773575,-0.05227200890909194
52,0.10400000000000001,2,0.0028704261472266217,0.002971635938294417,0.044122551712521545,0.04553698181381188
52,0.10400000000000001,3,0.00018699619021042373,0.00019403076708966925,0.006431166748564453,0.006735027095280232
53,0.106,1,0.006840921181207377,0.006728867504792996,-0.051010898527662635,-0.05273289491146286
53,0.106,2,0.002958908867787703,0.0030629327793728614,0.044241360280540626,0.045648420539222245
53,0.106,3,0.0002005124837927853,0.00020819971583415086,0.0067581467911807785,0.007084474372240798
54,0.108,1,0.006738018636659957,0.006622530751127885,-0.051451272273710186,-0.05316837683255514
54,0.108,2,0.0030475984946287853,0.0031543824449842546,0.04434481342054119,0.04572483280569665
54,0.108,3,0.00021471424645197457,0.00022308680388786822,0.007100881329594641,0.007443544026858684
55,0.11,1,0.006634253539106852,0.006515373906623954,-0.05188254877655247,-0.05357842225196537
55,0.11,2,0.003136472956590767,0.003245914954306551,0.04443723098099088,0.04576625466114808
55,0.11,3,0.0002296110230956213,0.00023871113906950319,0.00744838832182336,0.007812167590817488
56,0.112,1,0.00652968206430132,0.00640744787559092,-0.05228573740276602,-0.05396301551651687
56,0.112,2,0.0032254585638336955,0.0033374604549778393,0.04449280362146422,0.04577275033564413
56,0.112,3,0.0002452220120608311,0.00025509166943124903,0.0078054944826048975,0.00819026518087293
57,0.114,1,0.0064243650934203665,0.006298803560533639,-0.05265848544047658,-0.054322157528640655
57,0.114,2,0.0033144504367845643,0.0034289492790516387,0.044495936475434386,0.04574441203689967
57,0.114,3,0.0002615438865749448,0.0002722471604147314,0.008160937257056853,0.008577745491741184
58,0.116,1,0.006318333743140322,0.006189491829491613,-0.05301567514002245,-0.054655865521013355
58,0.116,2,0.003403418872908324,0.003520311998493279,0.044484218061879764,0.045681359720820075
58,0.116,3,0.00027862229206478,0.00029019617201511835,0.008539202744917596,0.008974505800193475
59,0.11800000000000001,1,0.006211647511312958,0.006079563483855528,-0.05334311591368183,-0.05496417281804236
59,0.11800000000000001,2,0.0034922893008335065,0.003611479480168364,0.044435213962591355,0.04558374083754257
59,0.11800000000000001,3,0.0002964564000164965,0.0003089570359761183,0.008917053975858256,0.009380431980499988
60,0.12,1,0.006104390933301612,0.0059690692266859266,-0.05362828900567313,-0.05524712858480071
60,0.12,2,0.003580910128258042,0.00370238294027526,0.04431041371226766,0.04545173005344792
60,0.12,3,0.0003150666764894063,0.0003285478330388243,0.009305138236454897,0.00979539853135298
61,0.122,1,0.005996554961951015,0.005858059631557878,-0.05391798567529844,-0.05550479756402445
61,0.122,2,0.0036693310146681903,0.0037929539981745395,0.044210443205074244,0.045285528949639706
61,0.122,3,0.00033447741963732545,0.00034898637026759417,0.009705371573959579,0.010219268614384942
62,0.124,1,0.0058881730305392205,0.005746585111954289,-0.05419096570589716,-0.05573725980179446
62,0.124,2,0.003757481992734621,0.0038831247295693623,0.04407548903321537,0.0450853656974114
62,0.124,3,0.0003546915326968748,0.00037029015847636073,0.01010705652977468,0.010651894104383278
63,0.126,1,0.005779321240499113,0.005634695891229224,-0.0544258950200536,-0.055944610362532364
63,0.126,2,0.003845278416461824,0.003972827718991852,0.043898211863601426,0.044851494711244826
63,0.126,3,0.0003757318319254208,0.0003924763897789363,0.010520149614272984,0.011093115651287776
64,0.128,1,0.005670022615894905,0.005522441973161332,-0.05464931230210424,-0.05612695903394589
64,0.128,2,0.003932704244085079,0.004061996111551661,0.0437129138116275,0.04458419627990451
64,0.128,3,0.0003976250918362879,0.00041556191528701957,0.010946629955433562,0.01154276275404164
65,0.13,1,0.005560389718713691,0.005409873113116204,-0.054816448590607,-0.056284430022564044
65,0.13,2,0.004019576160380071,0.004150563663904088,0.043435958147495894,0.04428377617621364
65,0.13,3,0.0004203910502628986,0.0004395632229797209,0.01138297921330535,0.01200065384635067
66,0.132,1,0.005450391657750793,0.005297038789835193,-0.05499903048144898,-0.05641716164050545
66,0.132,2,0.004105954564111763,0.004238464794396322,0.04318920186584599,0.043950565246117075
66,0.132,3,0.0004440491651005503,0.0004644964157684982,0.011829057418825836,0.012466596394388628
67,0.134,1,0.005340118313006219,0.005183988177866944,-0.05513667237228709,-0.0565253059841248
67,0.134,2,0.0041917184803350015,0.004325634632351633,0.04288195811161938,0.04358491897765537
67,0.134,3,0.0004686062691697947,0.0004903771897814376,0.012278552034622204,0.012940387006469708
68,0.136,1,0.005229626461342477,0.005070770120656578,-0.05524592583187101,-0.056609028605182965
68,0.136,2,0.004276795419166766,0.004412009066452616,0.042538469415882414,0.0431872170504916
68,0.136,3,0.0004940217539831911,0.0005172208128908209,0.012707742406698195,0.013421811554691658
69,0.138,1,0.005118932028975449,0.0049574331043062084,-0.05534721618351366,-0.056668508175184616
69,0.138,2,0.004361147385886823,0.004497524792185915,0.04217598336002815,0.042757862866649635
69,0.138,3,0.0005203765347315738,0.0005450421035078915,0.013177390374191373,0.013910645308535271
70,0.14,1,0.005008122947357422,0.004844025232019158,-0.05540454080901367,-0.056703936143525153
70,0.14,2,0.004444680736354569,0.004582119358312191,0.04176667523387309,0.04229728306313768
70,0.14,3,0.000547663425217097,0.0005738554096686671,0.013643445242761582,0.014406653080387768
71,0.14200000000000002,1,0.0048972211205448625,0.0047305941992389884,-0.05545091340627972,-0.05671551639008473
71,0.14200000000000002,2,0.004527377803717487,0.004665731212326482,0.04134853368145891,0.04180592700714586
71,0.14200000000000002,3,0.0005758881569509849,0.0006036745884345455,0.014112365866943935,0.014909589382939157
72,0.14400000000000002,1,0.004786260686139241,0.004617187269493186,-0.05548021720281054,-0.05670346487290158
72,0.14400000000000002,2,0.004609178439301072,0.004748299744875522,0.040900317791792845,0.04128426627451983
72,0.14400000000000002,3,0.0006050506396856237,0.0006345129856313096,0.014581241367319416,0.015419198598382044
73,0.146,1,0.004675361472988786,0.004503851250950084,-0.055449606575227496,-0.056668009271550725
73,0.146,2,0.004689935661770511,0.004829765333099971,0.04037861123471929,0.040732794112224725
73,0.146,3,0.0006351885206655023,0.0006663834159499622,0.015068940489939316,0.0159352151593263
74,0.148,1,0.004564487214805218,0.004390632473696392,-0.05543712909178433,-0.05660938862684595
74,0.148,2,0.00476970969390204,0.004910069382871021,0.039887016065764336,0.04015202488552516
74,0.148,3,0.0006663038017788264,0.0006992981434326043,0.015557640556662047,0.01645736374132109
75,0.15,1,0.00445367708223901,0.004277576767741444,-0.055405066283103696,-0.05652785297747419
75,0.15,2,0.004848435323232888,0.004989154369892255,0.039362814665424344,0.039542493510617005
75,0.15,3,0.0006984151728754576,0.0007332688623663193,0.016055685548315605,0.01698535946685751
76,0.152,1,0.0043429526934626195,0.004164729441753123,-0.05536219438819542,-0.056423662994160954
76,0.152,2,0.004926041975757846,0.005066963879639166,0.03880332626247885,0.03890475487345554
76,0.152,3,0.0007315240345333784,0.0007683066786077308,0.016554430828960402,0.017518908120705758
77,0.154,1,0.0042324204204381745,0.004052135262529215,-0.05526613651222253,-0.05629708961195414
77,0.154,2,0.005002440306768062,0.005143442646110232,0.03819916550510793,0.038239383235532866
77,0.154,3,0.0007656349543508786,0.0008044220913605741,0.01705545990875006,0.01805770637642162
78,0.156,1,0.004122155108459678,0.003939838435206813,-0.055132655989248436,-0.05614841366120097
78,0.156,2,0.005077579698378225,0.00521853658936496,0.037569695805081404,0.0375469716273637
78,0.156,3,0.0008007740227554083,0.0008416249754282494,0.017569534202264883,0.018601442033837644
79,0.158,1,0.004012136399779857,0.003827882584211254,-0.055009354339910235,-0.055977925497779434
79,0.158,2,0.005151439080117636,0.005292192851825849,0.03692969086970584,0.03682813123044459
79,0.158,3,0.000836927210381806,0.0008799245639629198,0.018076593813198816,0.019149794267335225
80,0.16,1,0.003902450090199558,0.003716310734944992,-0.05484315479014961,-0.05578592463313084
80,0.16,2,0.005223930622065407,0.0053643598333227615,0.03624577097388528,0.036083490748456404
80,0.16,3,0.0008741928145502303,0.0009193294317322694,0.01863280208421218,0.019702433884674807
81,0.162,1,0.003793098323571965,0.003605165296215743,-0.05467588331379636,-0.05557271936462457
81,0.162,2,0.005295025321247658,0.005434987224859727,0.0355473495911255,0.03531369576848259
81,0.162,3,0.000912442463615639,0.0009598474789245541,0.019124824532704348,0.020259023596142376
82,0.164,1,0.0036841378103037795,0.003494488043402203,-0.05448025663409286,-0.05533862640677004
82,0.164,2,0.005364676013946618,0.0055040260410857645,0.03482534634947996,0.034519408113018686
82,0.164,3,0.000951751622140209,0.0010014859155120575,0.019654579262284973,0.02081921829375173
83,0.166,1,0.003575660090744266,0.003384320102354657,-0.054238859779756794,-0.05508397052377285
83,0.166,2,0.005432809671738171,0.005571428651452864,0.0340668288957768,0.03370130518354948
83,0.166,3,0.0009921213319729735,0.0010442512461925051,0.020184854916382285,0.021382665340223747
84,0.168,1,0.003467631115150635,0.0032747019340268265,-0.054014487796815544,-0.054809084163915195
84,0.168,2,0.005499410371692243,0.0056371488100458046,0.033300349977035626,0.03286007929647032
84,0.168,3,0.0010335558052251002,0.0010881492559273957,0.02071723662606332,0.02194900486744526
85,0.17,1,0.0033601294427984645,0.003165673319834385,-0.053750836176085164,-0.0545143070962207
85,0.17,2,0.005564422962810219,0.005701141684070061,0.03250629555898816,0.03199643701212802
85,0.17,3,0.0010760623720829459,0.0011331849960955819,0.02125328342892285,0.022517870084093047
86,0.17200000000000001,1,0.003253234133610807,0.003057273347734695,-0.053447654593828664,-0.054199986049845175
86,0.17200000000000001,2,0.0056277656521755435,0.0057633638809855715,0.03167134468266223,0.031111098457755133
86,0.17200000000000001,3,0.0011196477773819378,0.0011793627712797627,0.021792702649495958,0.023088887592090414
87,0.17400000000000002,1,0.003146891076303847,0.002949540399021466,-0.05317152865348001,-0.05386647435661435
87,0.17400000000000002,2,0.005689444051347532,0.005823773474275706,0.030839199585994386,0.03020479664506746
87,0.17400000000000002,3,0.0011643018640763213,0.0012266861267028572,0.022327043347191766,0.023661677711547247
88,0.176,1,0.0030412098445160426,0.0028425121358272476,-0.052840615893902244,-0.05351413159710932
88,0.176,2,0.005749388710815162,0.00588233002784229,0.029972329733814976,0.029278276783291684
88,0.176,3,0.0012100526673600657,0.0012751578363304932,0.02287540164187221,0.024235854813817997
89,0.178,1,0.002936172365969021,0.0027362254893258894,-0.05251873927351078,-0.05314332325067919
89,0.178,2,0.005807588848027951,0.005938994619019057,0.029100068606394223,0.028332295588383623
89,0.178,3,0.001256894699702413,0.0013247798916550852,0.02342101617117359,0.024811027662295933
90,0.18,1,0.0028318818581447333,0.0026307166486264117,-0.052145253912143884,-0.052754420349738915
90,0.18,2,0.005863954246082338,0.005993729860197442,0.028182699027193628,0.02736762058919244
90,0.18,3,0.0013048225058736264,0.0013755534911761788,0.02396390308560673,0.025386799760546835
91,0.182,1,0.0027283507248104326,0.0025260210503490342,-0.05176556666715033,-0.05234779913868868
91,0.182,2,0.005918476374834308,0.006046499919060078,0.027261064375985224,0.026385029431318357
91,0.182,3,0.0013538342485540408,0.0014274790305909201,0.024505871340207205,0.025962769707370686
92,0.184,1,0.0026255805386360296,0.0024221733688734965,-0.0513850930872015,-0.051923840737768866
92,0.184,2,0.0059711194951987895,0.0060972705374188856,0.026321560182240595,0.02538530917940364
92,0.184,3,0.001403934420661078,0.0014805560937076513,0.02505008605351857,0.026538531558365597
93,0.186,1,0.00252370236591747,0.002319207507249212,-0.050939086359279816,-0.05148293081214235
93,0.186,2,0.006021823397764695,0.00614600904865606,0.025351951282952864,0.024369255618587486
93,0.186,3,0.0014551403641611764,0.0015347834440947617,0.025602971750049247,0.02711367519355524
94,0.188,1,0.002422606746173772,0.002217156588756265,-0.050547809871849016,-0.051025459246473344
94,0.188,2,0.006070620225639504,0.006192684393767751,0.024398413937404446,0.023337672555845578
94,0.188,3,0.001507429120820432,0.0015901590174760179,0.026144378329627797,0.02768778669062814
95,0.19,1,0.002322473210580758,0.0021160529491057664,-0.05006676779650701,-0.050551819825249415
95,0.19,2,0.006117391017217711,0.0062372671360116,0.023385395789103647,0.022291371121924093
95,0.19,3,0.001560794182461198,0.0016466799148826693,0.02668253082038297,0.0282604487033257
96,0.192,1,0.002223263379904651,0.002015928129267625,-0.04960491533805337,-0.05006240991907065
96,0.192,2,0.006162150060929427,0.006279729474160733,0.022379521855857894,0.02123116907456644
96,0.192,3,0.0016152529164600096,0.0017043423965716785,0.027229366999405834,0.028831240844504575
97,0.194,1,0.0021250438625365067,0.0019168128689134108,-0.049109758684072254,-0.04955763017710711
97,0.194,2,0.006204851635099413,0.00632004525436817,0.021350787084992943,0.020157890103718424
97,0.194,3,0.0016707951366689566,0.0017631418767184565,0.0277711101044735,0.029399740073389066
98,0.196,1,0.002027815252977146,0.0018187371004616034,-0.048614304779680435,-0.04903788422590371
98,0.196,2,0.006245451305717894,0.006358189980646938,0.020299835309240278,0.019072363139384218
98,0.196,3,0.0017274171576176344,0.0018230729188914961,0.028311010474338892,0.029965521086519866
99,0.198,1,0.001931636413518942,0.0017217299437122266,-0.04808941972910192,-0.04850357837468836
99,0.198,2,0.006283951566820675,0.006394140823972521,0.019250130551390614,0.017975421662791525
99,0.198,3,0.001785103080299587,0.0018841292323152905,0.028842961340976286,0.030528156711897212
100,0.2,1,0.0018365357423250842,0.0016258197010575906,-0.047550335596928874,-0.047955121327317954
100,0.2,2,0.0063203092477932595,0.00642787663001554,0.018178840486292314,0.016867903021509385
100,0.2,3,0.0018438635493753333,0.0019463036689269084,0.029380234537873137,0.03108721830580896
101,0.202,1,0.001742527034240705,0.0015310338532556424,-0.047004354042189674,-0.04739292390097415
101,0.202,2,0.0063544971603704805,0.006459377925513833,0.017093956288610507,0.0157506477491467
101,0.202,3,0.0019036879433574334,0.002009588221230564,0.029912196991050095,0.031642276151827846
102,0.20400000000000001,1,0.0016496243845776184,0.0014373990557522431,-0.04645132483154326,-0.046817398751699574
102,0.20400000000000001,2,0.0063865120300386526,0.006488626923294319,0.016007434834086013,0.014624498890243396
102,0.20400000000000001,3,0.0019645543345074897,0.002073974020953477,0.030433195575028136,0.03219289986145658
103,0.20600000000000002,1,0.0015578824849633323,0.0013449411355385555,-0.04587094980714303,-0.04622896010684375
103,0.20600000000000002,2,0.006416314075029472,0.0065156075259562175,0.014901022495409505,0.013490301330949172
103,0.20600000000000002,3,0.0020265011932731505,0.002139451338505267,0.0309734293828304,0.03273865877589498
104,0.20800000000000002,1,0.001467391741545819,0.0012536850885296212,-0.04524537170875662,-0.04562802350446723
104,0.20800000000000002,2,0.006443891707171961,0.006540305328228352,0.01378881607124469,0.012348901136067583
104,0.20800000000000002,3,0.0020894510878525464,0.002206009583242067,0.03147494728969794,0.033279122368400055
105,0.21,1,0.0013780687130176632,0.0011636550774501572,-0.04466151426407792,-0.045015005539731964
105,0.21,2,0.006469232953227042,0.006562707618014403,0.012670623027540365,0.011201144893025093
105,0.21,3,0.002153442343563873,0.0022736373045354817,0.03199562785566323,0.03381386064670728
106,0.212,1,0.0012899918172835612,0.0010748744302135848,-0.044038447867050995,-0.0443903236182862
106,0.212,2,0.006492303495087899,0.006582803376141016,0.011535270930428717,0.010047879063306396
106,0.212,3,0.0022184444721502295,0.002342322193645442,0.032501064293178304,0.03434244455498021
107,0.214,1,0.001203178981380272,0.000987365638780319,-0.043406417951644606,-0.043754395716632886
107,0.214,2,0.0065130844986398375,0.0066005832748247725,0.010390501775969178,0.008889949341878145
107,0.214,3,0.0022844613219455785,0.0024120510863949525,0.033008424897674506,0.03486444637475515
108,0.216,1,0.0011176159584101075,0.0009011503584814152,-0.04278151148508224,-0.04310764014945193
108,0.216,2,0.00653158723678592,0.00661603967487498,0.009251369073041277,0.007728200025103994
108,0.216,3,0.0023514708533695734,0.002482809966643649,0.03350476571199745,0.035379440124348335
109,0.218,1,0.0010334398522761916,0.0008162494077937583,-0.04208805306695797,-0.042450475343828446
109,0.218,2,0.006547779023517585,0.006629166621650248,0.00809589336583233,0.0065634733876338705
109,0.218,3,0.002419468384975574,0.002554583970556039,0.03399876580300037,0.035887001956194965
110,0.22,1,0.000950578042464905,0.0007326827685531137,-0.04143090490564332,-0.041783319620322286
110,0.22,2,0.006561665851031412,0.006639959839787709,0.0069434137569138535,0.005396609068730314
110,0.22,3,0.0024884502574284394,0.002627357391659224,0.034490936226432616,0.036386710551592365
111,0.222,1,0.0008690472175506038,0.0006504695865915198,-0.04076541245715058,-0.04110659098079697
111,0.222,2,0.006573245230054868,0.006648416726724657,0.00578968951172763,0.004228443468474055
111,0.222,3,0.0025583870450547243,0.0027011136866838706,0.03496839381314249,0.036878147512323295
112,0.224,1,0.0007889250808388234,0.0005696281727856982,-0.04006106835589021,-0.04042070690291083
112,0.224,2,0.006582494612671799,0.006654536345033197,0.004624691308465715,0.0030598091542702647
112,0.224,3,0.0026292734156944794,0.0027758354821811526,0.035443185319877515,0.03736089774864096
113,0.226,1,0.0007102320240521207,0.0004901760045033823,-0.039346528393351315,-0.03972608414115795
113,0.226,2,0.006589407208291348,0.006658319413589309,0.0034562978097744425,0.0018915342780557573
113,0.226,3,0.002701087162383816,0.0028515045819073577,0.03590687334466833,0.037834549863102584
114,0.228,1,0.0006329183563078863,0.00041212972743471794,-0.03865683387211722,-0.039023138534332175
114,0.228,2,0.006593993809539029,0.006659768297598481,0.0022933006238404913,0.000724442004586127
114,0.228,3,0.00277382528204819,0.0029281019749668505,0.036369059832187016,0.03829869652974644
115,0.23,1,0.0005570688975433669,0.00033550515779616887,-0.03792472938225972,-0.03831228481927454
115,0.23,2,0.006596211572850002,0.006658886997500802,0.0011088816554865634,-0.0004406500488396847
115,0.23,3,0.0028474160916604815,0.0030056078447030796,0.03679540480614569,0.038752934868114625
116,0.232,1,0.0004826801655787592,0.00026031728489466573,-0.037194365982303836,-0.03759393645075156
116,0.232,2,0.0065961015269023785,0.006655681136779039,-5.502297381176219e-05,-0.0016029303608815393
116,0.232,3,0.0029219009006040404,0.0030840015783263467,0.03724240447177947,0.03919686681163351
117,0.234,1,0.0004098766161726529,0.00018658027404006434,-0.03640177470305315,-0.0368685054273007
117,0.234,2,0.006593639084095989,0.006650157948693893,-0.001231221403194798,-0.0027615940425728437
117,0.234,3,0.002997354216009181,0.0031632617772660945,0.03772665770257022,0.03963009946987394
118,0.23600000000000002,1,0.0003384326073657774,0.00011430746979432776,-0.03572200440343773,-0.03613640212286829
118,0.23600000000000002,2,0.006588899353946519,0.006642326261971181,-0.0023698650747348317,-0.003915843361355554
118,0.23600000000000002,3,0.003073579496222143,0.0032433662682345428,0.03811264010648114,0.04005224548422425
119,0.23800000000000002,1,0.00026851890496712487,4.351139954621563e-05,-0.03495685119932627,-0.035398035124056065
119,0.23800000000000002,2,0.006581814262937043,0.006632196485466251,-0.0035425455047382107,-0.005064888252464937
119,0.23800000000000002,3,0.0031505941439201376,0.0033242921149875854,0.03850732384899722,0.04046292337652141
120,0.24,1,0.00020009880543753972,-2.5796222599350402e-05,-0.034210049764792576,-0.034653811072783015
120,0.24,2,0.006572398810529926,0.00661978059183142,-0.004707726203558287,-0.006207946817415375
120,0.24,3,0.0032284060412681986,0.003406015630767983,0.038905948674030494,0.040861757890198795
121,0.242,1,0.00013325289948137823,-9.360449162767484e-05,-0.03342295297808075,-0.03390413451416222
121,0.242,2,0.0065606878662267856,0.0066050921002127,-0.005855472151570368,-0.007344245809360284
121,0.242,3,0.003306994069034342,0.003488512391415029,0.03929401388307182,0.04124838032352292
122,0.244,1,6.794859696342826e-05,-0.0001599033071264447,-0.03265215125897499,-0.03314940774938493
122,0.244,2,0.006546656796155404,0.006588146058002458,-0.007015535035690638,-0.008473021105120833
122,0.244,3,0.003386319479977903,0.0035717572491240413,0.03966270547178037,0.04162242885450617
123,0.246,1,4.179535659644064e-06,-0.00022468336851324205,-0.03188453065189209,-0.03239003069339868
123,0.246,2,0.006530335246289498,0.0065689590216750585,-0.008160774932952988,-0.009593518163699752
123,0.246,3,0.0034663759188167786,0.003655724346838239,0.04002821941943781,0.041983548857098846
124,0.248,1,-5.802561137519821e-05,-0.0002879361699875644,-0.031102573517421135,-0.031626400737161185
124,0.248,2,0.006511747073406709,0.006547549036732823,-0.00929408644139481,-0.010704992471117846
124,0.248,3,0.0035471293862663397,0.003740387133254798,0.04037673372478054,0.04233139320827945
125,0.25,1,-0.00011863743912682698,-0.00034965399521606023,-0.030305913875814383,-0.03085891261424791
125,0.25,2,0.006490885668520666,0.006523935616789959,-0.01043070244302136,-0.011806709971432017
125,0.25,3,0.0036285933246966817,0.0038257183784261586,0.04073196921517103,0.04266562258568036
126,0.252,1,-0.00017765633496990313,-0.0004098299117592368,-0.029509447921538073,-0.030087958271588288
126,0.252,2,0.006467777635211854,0.00649813972182233,-0.011554016654406144,-0.012897947483814594
126,0.252,3,0.003710734612265227,0.003911690189936965,0.04107064378427267,0.04298590575540331
127,0.254,1,-0.00023508168820296995,-0.0004684577652474437,-0.02871267661653341,-0.02931392674410343
127,0.254,2,0.006442457176885729,0.0064701837356111415,-0.0126602291630625,-0.01397799310559442
127,0.254,3,0.003793523679508842,0.0039982740296363615,0.041394533621807485,0.04329191984969827
128,0.256,1,-0.00029092589745143856,-0.0005255321733134786,-0.027922104624234306,-0.028537204033017453
128,0.256,2,0.006414911297435794,0.006440091442408781,-0.01377293972496755,-0.015046146601180513
128,0.256,3,0.003876903904533064,0.004085440730904759,0.041690112512111,0.043583350634198374
129,0.258,1,-0.00034515315051478993,-0.0005810485192887066,-0.027113626531675684,-0.027758172987613995
129,0.258,2,0.006385156113963938,0.006407888002855163,-0.014877591735927998,-0.01610171977680924
129,0.258,3,0.003960824276124624,0.004173160516433606,0.041960185795779974,0.04385989276442366
130,0.26,1,-0.0003977216265736953,-0.000635002945669128,-0.02628423802945268,-0.026977213190210743
130,0.26,2,0.006353258721053344,0.006373599929173012,-0.01594869645529665,-0.0171440368410756
130,0.26,3,0.004045331305246233,0.00426140301649618,0.042253514560804464,0.04412125003128677
131,0.262,1,-0.0004486888629169506,-0.0006873923473573804,-0.025483618171627656,-0.026194700844126145
131,0.262,2,0.006319224345824682,0.006337255059670555,-0.017017187614331002,-0.018172434751228494
131,0.262,3,0.004130361778203111,0.00435013728768689,0.042515236478439175,0.04436713559535506
132,0.264,1,-0.0004980718446983197,-0.0007382143646862111,-0.02469149089068457,-0.025411008664415327
132,0.264,2,0.006283074215866135,0.006298882532580098,-0.018075064979273473,-0.01918626354522885
132,0.264,3,0.004215846323386259,0.0044393318321061795,0.042742272591574,0.04459727220964459
133,0.266,1,-0.0005458435319497274,-0.0007874673762285221,-0.02388584362570382,-0.024626505771155514
133,0.266,2,0.006244847084738858,0.006258512759260922,-0.019113565563638746,-0.020184886659587738
133,0.266,3,0.00430183213334059,0.004528954616967667,0.042992904977165194,0.04481139243074368
134,0.268,1,-0.0005919608782839826,-0.0008351504913986535,-0.023058673167127626,-0.023841557585065693
134,0.268,2,0.006204528542789048,0.006216177396794882,-0.020159270974904903,-0.021167681233019858
134,0.268,3,0.004388255746499235,0.004618973094603839,0.043211806579322457,0.04500923881808599
135,0.27,1,-0.0006364222549705539,-0.0008812635428491536,-0.022230688343285617,-0.02305652572525005
135,0.27,2,0.00616218425896593,0.006171909320002953,-0.021172141911559184,-0.02213403839596486
135,0.27,3,0.004475057820794026,0.00470935422284627,0.043401037147395606,0.04519056412121533
136,0.272,1,-0.000679336998416242,-0.0009258070786668754,-0.021457371722844083,-0.022271767908860894
136,0.272,2,0.006117854059257291,0.00612574259291086,-0.022165099854319463,-0.023083363546046256
136,0.272,3,0.004562274277169664,0.004800064485756085,0.043608228187819,0.04535513145490758
137,0.274,1,-0.000720574510263839,-0.0009687823543718419,-0.020618755923798464,-0.021487637852483255
137,0.274,2,0.006071571224421412,0.0060777124396917525,-0.023141417417939583,-0.024015076609553928
137,0.274,3,0.004649805113843499,0.00489106991468016,0.04376541833691749,0.04550271446203762
138,0.276,1,-0.0007602233849465572,-0.0010101913247219428,-0.019824437341359136,-0.020704485175050472
138,0.276,2,0.006023394467393873,0.006027855215113649,-0.024088378513769174,-0.024928612289052042
138,0.276,3,0.004737677387495406,0.004982336109608366,0.043936136825953404,0.04563309746410295
139,0.278,1,-0.0007982215070077122,-0.0010500366353261596,-0.01899906103057747,-0.019922655302108388
139,0.278,2,0.0059732829979195,0.00597620837451919,-0.025055734737186412,-0.025823420297229345
139,0.278,3,0.004825799532946641,0.0050738282608070425,0.044061072725617816,0.04574607559933816
140,0.28,1,-0.0008346173278495431,-0.0010883216140686678,-0.018197910420915484,-0.01914248937125412
140,0.28,2,0.005921307759908808,0.0059228104433649426,-0.025987619005345998,-0.026698965577123784
140,0.28,3,0.004914164324223085,0.005165511170703799,0.044182395638222086,0.04584145494837834
141,0.28200000000000003,1,-0.000869382786498842,-0.0011250502623458372,-0.017382729324649425,-0.01836432413858472
141,0.28200000000000003,2,0.005867507486916656,0.005867700986347209,-0.026900136496076,-0.0275547285088669
141,0.28200000000000003,3,0.0050027434457483606,0.005257349275998704,0.044289560762637584,0.04591905264745205
142,0.28400000000000003,1,-0.0009025672304972913,-0.0011602272461178388,-0.016592221999224673,-0.017588491886000826
142,0.28400000000000003,2,0.00581198018949491,0.005810920576140994,-0.027763648710873307,-0.028390205103107198
142,0.28400000000000003,3,0.0050914654372694245,0.00534930666997692,0.044360995760531985,0.04597869698910844
143,0.28600000000000003,1,-0.0009341351788556406,-0.00119385788677628,-0.01578397417917462,-0.0168153203292206
143,0.28600000000000003,2,0.005754702284800334,0.005752510761778426,-0.028638952347287937,-0.029204907181284184
143,0.28600000000000003,3,0.005180359848940254,0.00544134712499793,0.04444720583541466,0.0460202275105052
144,0.28800000000000003,1,-0.0009641406509895006,-0.0012259481518290204,-0.015002736066930025,-0.0160451325263702
144,0.28800000000000003,2,0.005695761976709176,0.005692514036692552,-0.029470154045579,-0.0299983625429369
144,0.28800000000000003,3,0.005269400208351684,0.0055334341151365455,0.04452017970571487,0.046043495069307515
145,0.29,1,-0.0009925828210458273,-0.0012565046454030766,-0.014221085028163355,-0.015278246787028014
145,0.29,2,0.005635094331245576,0.0056309738064520675,-0.030333822731799798,-0.030770115120242046
145,0.29,3,0.005358441220538076,0.005625530838951087,0.04452050609319615,0.04604836190727047
146,0.292,1,-0.0010194821461697071,-0.0012855345985663,-0.013449662561939895,-0.014514976581611718
146,0.292,2,0.005572848071771062,0.005567934356212093,-0.03112312973725705,-0.031519725119987456
146,0.292,3,0.00544754141659,0.005717600242354286,0.04455009802596188,0.04603470170159958
147,0.294,1,-0.0010446741094933029,-0.001313045859468318,-0.012595981661797867,-0.013755630451009008
147,0.294,2,0.005509018757296142,0.0055034408179057,-0.03191465723746027,-0.03224676915319673
147,0.294,3,0.005536608373156454,0.005809605041562698,0.04453347828322707,0.046002399604206136
148,0.296,1,-0.0010684120560508627,-0.0013390468833010484,-0.011868973278779891,-0.013000511916365169
148,0.296,2,0.005443667384970807,0.00543753913720044,-0.032675686162667285,-0.03295084035262985
148,0.296,3,0.005625625474530545,0.005901507746100689,0.0445085506870454,0.04595135226899542
149,0.298,1,-0.0010905687115979254,-0.0013635467220789546,-0.011078327773531384,-0.012249919388953116
149,0.298,2,0.005376909605396141,0.005370276040243653,-0.03337888978733293,-0.03363154847839341
149,0.298,3,0.005714576895109458,0.0059932706818353835,0.04447571028945657,0.04588146786734693
150,0.3,1,-0.001111177940150021,-0.0013865550142390833,-0.010304614276047822,-0.011504146080064318
150,0.3,2,0.005308714983245621,0.00530169900021985,-0.034097311075260026,-0.03428852001190158
150,0.3,3,0.005803448538679819,0.006084856014019316,0.04443582178518049,0.045792666091966305
