time_ps,continuous_k2_eta,continuous_k2_eta_relative,unprojected_be_eta,unprojected_be_eta_relative,relifted_be_preprojection_eta,relifted_be_preprojection_eta_relative,relifted_be_postprojection_eta,relifted_be_postprojection_eta_relative,max_abs_unprojected_vs_relifted_displacement_nm,max_abs_unprojected_vs_relifted_native_velocity_nm_per_ps
0.0,0.0,0.0,0.0,0.0,0.0,0.0,0.0,0.0,0.0,0.0
0.002,2.579902028721657e-06,0.024940158739508177,3.341161570909936e-06,0.032308782948202386,3.341161570909936e-06,0.032308782948202386,0.0,0.0,0.0,0.0
0.004,5.5916662615931845e-06,0.0491509011976607,5.920909078318297e-06,0.05208059110486306,2.9436293571624446e-06,0.025892360707702188,0.0,0.0,5.052378133918456e-11,2.5261889166020707e-08
0.006,9.362675102756781e-06,0.07150551780538038,8.02655977559912e-06,0.06137468225072937,2.653448125048166e-06,0.020289671950930097,0.0,0.0,2.274833880294702e-10,8.847980199726269e-08
0.008,1.4090458139200233e-05,0.09095909724189497,1.0074642269710574e-05,0.06515363328477539,2.5064605521816933e-06,0.016209952961222053,0.0,0.0,6.320746964022517e-10,2.0229565587514403e-07
0.01,1.9874460772014032e-05,0.10707086456835613,1.2560939339716748e-05,0.06783973134412093,2.5235087842193673e-06,0.01362981712067682,0.0,0.0,1.3905429984556461e-09,3.792341502720925e-07
0.012,2.675426332333093e-05,0.11998414693520934,1.5925513046502774e-05,0.07165155506906078,2.695192989094212e-06,0.012127202499196233,0.0,0.0,2.6538198479031383e-09,6.316384233463757e-07
0.014,3.473507876120556e-05,0.13014599046160968,2.0436378770926403e-05,0.07687605491920396,2.987405603257716e-06,0.0112392957818095,0.0,0.0,4.597033141304219e-09,9.716066466901319e-07
0.016,4.380179091373164e-05,0.13807410394676511,2.6190270755126942e-05,0.08294892778256786,3.360549373725369e-06,0.010645390765946063,0.0,0.0,7.418892803909283e-09,1.4109298333182807e-06
0.018000000000000002,5.392626929356029e-05,0.14423955406756586,3.318256144440333e-05,0.0892420281579661,3.782085518160629e-06,0.010174136273117675,0.0,0.0,1.1340955058739e-08,1.9610311270887304e-06
0.02,6.507122012447498e-05,0.14902900117828297,4.1365979951937035e-05,0.09532865865743853,4.228816382702331e-06,0.009748437418725005,0.0,0.0,1.6606768724058973e-08,2.6329068335724515e-06
0.022,7.71923124190422e-05,0.15274467128962904,5.0679244243445016e-05,0.10098111783547564,4.684883831771314e-06,0.009338503134142577,0.0,0.0,2.3480907610645696e-08,3.4370694431459098e-06
0.024,9.023944175004494e-05,0.1556175299534811,6.105733666551004e-05,0.10610462049503784,5.1393691169146775e-06,0.008935317088090033,0.0,0.0,3.224789338514278e-08,4.383492886754145e-06
0.026000000000000002,0.00010415755558168672,0.1578226051557858,7.243423343911516e-05,0.11068007226904666,5.5845378325349814e-06,0.008537971155250812,0.0,0.0,4.32110138972458e-08,5.4815602531926855e-06
0.028,0.00011888725169584425,0.15949246447163595,8.474316816338019e-05,0.1147271197999534,6.014717914737361e-06,0.008148158342740077,0.0,0.0,5.6691042265091807e-08,6.740014184616894e-06
0.03,0.00013436525792276234,0.16072791151031574,9.79162969247984e-05,0.11828286504867369,6.425609822924645e-06,0.007767971317465791,0.0,0.0,7.302486257527996e-08,8.166910153407925e-06
0.032,0.00015052484997548623,0.16160609169581214,0.00011188435095549772,0.12139036070587764,6.813863587013027e-06,0.007399134460461008,0.0,0.0,9.256400819446231e-08,9.769572809573829e-06
0.034,0.0001672962378562253,0.16218650571966609,0.0001265764212247027,0.12409272693771882,7.176816238865614e-06,0.007042822484242668,0.0,0.0,1.1567311933996516e-07,1.1554555572789588e-05
0.036000000000000004,0.00018460693738923573,0.16251543341824168,0.0001419198836126439,0.12643036587777023,7.512325723128001e-06,0.006699697734980735,0.0,0.0,1.4272832658639156e-07,1.3527603627765117e-05
0.038,0.00020238213584918919,0.16262918410279925,0.00015784043939202458,0.12843983305745282,7.818663559804262e-06,0.006370012612325372,0.0,0.0,1.7411556751598112e-07,1.5693620465259683e-05
0.04,0.0002205450563913705,0.16255649144740958,0.00017426224282679449,0.13015356638601508,8.09444386603479e-06,0.0060537169757480525,0.0,0.0,2.1022884370489048e-07,1.805663809433672e-05
0.042,0.00023901732352528307,0.1623202873673195,0.0001911080925930975,0.13160003670544984,8.338575249798461e-06,0.005750550070274936,0.0,0.0,2.51468425771853e-07,2.0619791034570678e-05
0.044,0.00025771933041020777,0.16193902468775334,0.00020829966938086235,0.1328040858528079,8.550227300696993e-06,0.005460112611806368,0.0,0.0,2.982390141324093e-07,2.3385294178952798e-05
0.046,0.00027657060786257924,0.16142767073009096,0.00022575780665645736,0.1337873292559538,8.728806501367699e-06,0.005181920637720735,0.0,0.0,3.5094786333261796e-07,2.6354424601048032e-05
0.048,0.000295490194415466,0.16079845955561706,0.00024340278496981388,0.1345685607876171,8.873938259608384e-06,0.004915444459768522,0.0,0.0,4.100028780582021e-07,2.9527507361501448e-05
0.05,0.0003143970064268682,0.16006146605322916,0.00026115464259695903,0.13516413047230494,8.985452920962768e-06,0.004660136127448638,0.0,0.0,4.758106887589597e-07,3.290390535134677e-05
0.052000000000000005,0.00033321020701931203,0.15922504758145936,0.0002789334969898581,0.13558828317320604,9.063374352966551e-06,0.0044154483191280736,0.0,0.0,5.487747151457223e-07,3.648201319148697e-05
0.054,0.00035184957250270177,0.15829618642587026,0.00029665987268023944,0.13585345548628688,9.107910163174477e-06,0.00418084697353576,0.0,0.0,6.292932255257122e-07,4.025925518973128e-05
0.056,0.0003702358548583912,0.15728075743462872,0.0003142550321134058,0.135970532557148,9.119442922757424e-06,0.003955819422482171,0.0,0.0,7.177574002058262e-07,4.423208733914802e-05
0.058,0.00038829113882791886,0.15618373880359973,0.00033164130648371073,0.1359490685301764,9.098521975349598e-06,0.003739879334426546,0.0,0.0,8.145494068533682e-07,4.839600332404853e-05
0.06,0.000405939192144327,0.1550093793645458,0.0003487424240817564,0.1357974750124569,9.045855553926479e-06,0.0035325694290264343,0.0,0.0,9.200404958234487e-07,5.2745544482701856e-05
0.062,0.00042310580746063265,0.15376133237239792,0.0003654838339961278,0.1355231819349325,8.962303029454538e-06,0.0033334626600904755,0.0,0.0,1.0345891231413468e-06,5.727431365923352e-05
0.064,0.0004397191345644711,0.15244276332993176,0.00038179302327458886,0.13513277487555875,8.84886718892522e-06,0.0031421623706607404,0.0,0.0,1.158539108866291e-06,6.19749928611052e-05
0.066,0.0004557100015171702,0.15105643757718398,0.00039759982586503803,0.1346321124651272,8.706686496838294e-06,0.0029583017829870476,0.0,0.0,1.292217838112092e-06,6.683936462271306e-05
0.068,0.0004710122234176463,0.14960479202957566,0.0004128367218413987,0.13402642702616893,8.537027340027774e-06,0.0027815430847378283,0.0,0.0,1.435934512033013e-06,7.185833696077282e-05
0.07,0.0004855628975650975,0.14808999444578896,0.00042743912558537223,0.1333204111484723,8.341276296022918e-06,0.002611576300807266,0.0,0.0,1.5899784556235724e-06,7.702197179289966e-05
0.07200000000000001,0.000499302683878568,0.1465139928531164,0.0004413456617494811,0.13251829250316705,8.120932504209172e-06,0.0024481180900731547,0.0,0.0,1.7546174889762622e-06,8.235383478092523e-05
0.074,0.0005121760695254075,0.14487855718895046,0.00045449842797566436,0.1316238988481724,7.877600260807034e-06,0.0022909105730615606,0.0,0.0,1.9300963684087263e-06,8.784519158673565e-05
0.076,0.0005241316168139612,0.14318531478508412,0.00046684324349106156,0.13064071488073556,7.612982007718095e-06,0.0021397202761293086,0.0,0.0,2.116635303353251e-06,9.345839206339329e-05
0.078,0.0005351221935182227,0.14143578099217868,0.0004783298828514545,0.12957193234384262,7.328871947337014e-06,0.001994337268348427,0.0,0.0,2.3144285546880528e-06,9.918112518444988e-05
0.08,0.0005451051849234245,0.13963138598998703,0.0004889122942556493,0.12842049458723853,7.027150598160426e-06,0.0018545745678679563,0.0,0.0,2.523643119865457e-06,0.00010500036550019354
0.082,0.0005540426870116822,0.13777349863622315,0.0004985488020127917,0.12718913661517176,6.709780720811067e-06,0.00172026790561144,0.0,0.0,2.7444175095207163e-06,0.00011090240878113694
0.084,0.0005619016803457618,0.135863448059664,0.0005072022929110043,0.12588042151670192,6.378805207762951e-06,0.0015912759576929682,0.0,0.0,2.9768606202660447e-06,0.00011687290982948656
0.08600000000000001,0.0005686541843570488,0.1339025435910472,0.0005148403864113964,0.12449677406599452,6.036347768080925e-06,0.0014674811978062977,0.0,0.0,3.2210507074793143e-06,0.00012289692231244598
0.088,0.0005742773919011738,0.13189209354108636,0.0005214355887781109,0.12304051219573364,5.684617590229509e-06,0.001348791583817489,0.0,0.0,3.478599096994571e-06,0.00012895894046666828
0.09,0.0005787537841117279,0.1298334232728488,0.0005269654314543234,0.12151387698354249,5.3259196916968655e-06,0.0012351433896674979,0.0,0.0,3.748684982032933e-06,0.0001350429425188704
0.092,0.0005820712257596959,0.12772789297173498,0.000531412594207678,0.11991906174669056,4.962673456504077e-06,0.0011265056414200816,0.0,0.0,4.03094985336255e-06,0.00014113243566440253
0.094,0.0005842230415141489,0.12557691548732014,0.000534765013798541,0.11825824081258664,4.597443058227919e-06,0.0010228868400858381,0.0,0.0,4.325370858247659e-06,0.0001472105024424436
0.096,0.0005852080736989397,0.12338197460516796,0.0005370159791724213,0.11653359852026367,4.2329852618707005e-06,0.0009243449892817661,0.0,0.0,4.631890554936818e-06,0.00015325984834500817
0.098,0.0005850307223512362,0.12114464410185109,0.0005381642144460079,0.11474735901042973,3.872322728449353e-06,0.0008310024348763504,0.0,0.0,4.9504162559273895e-06,0.00015926285049509825
0.1,0.0005837009686111044,0.11886660794173474,0.0005382139512458735,0.11290181737811911,3.518854571962866e-06,0.0007430676917932884,0.0,0.0,5.280819470385948e-06,0.00016520160722906935
0.10200000000000001,0.0005812343827070831,0.11654968198887279,0.0005371749922712043,0.11099937279232773,3.1765201746183477e-06,0.0006608672009563765,0.0,0.0,5.622935447221252e-06,0.00017105798841773184
0.10400000000000001,0.0005776521180501617,0.11419583763112244,0.0005350627682866552,0.10904256423111375,2.850034852356441e-06,0.0005848903727945262,0.0,0.0,5.976562819946015e-06,0.0001768136863618125
0.106,0.0005729808932061545,0.11180722774591825,0.0005318983911062697,0.10703410953830993,2.5452087684325486e-06,0.0005158497689921518,0.0,0.0,6.341463354143234e-06,0.00018245026709830942
0.108,0.0005672529637805957,0.10938621547758721,0.0005277087054989639,0.10497694857882783,2.2693207537220315e-06,0.0004547505248940807,0.0,0.0,6.717361798054891e-06,0.00018794922195591868
0.11,0.0005605060865145747,0.10693540634388779,0.0005225263433187832,0.10287429135230658,2.031396343950701e-06,0.00040293975478819527,0.0,0.0,7.103945836456089e-06,0.00019329201920045835
0.112,0.0005527834781437216,0.10445768424332999,0.0005163897835196174,0.10072967201722219,1.8419718053854809e-06,0.00036205646858232553,0.0,0.0,7.500866147682351e-06,0.00019846015561358898
0.114,0.0005441337717983906,0.10195625199244528,0.000509343422021046,0.0985470098748818,1.711600487173604e-06,0.0003337435649988839,0.0,0.0,7.907736563385944e-06,0.00020343520785189723
0.116,0.0005346109738937752,0.0994346770795749,0.0005014376555970536,0.096330678456978,1.6476021956811034e-06,0.00031903564522384073,0.0,0.0,8.324134330260115e-06,0.00020819888343708015
0.11800000000000001,0.0005242744245327244,0.09689694337244047,0.0004927289839805066,0.09408558393809621,1.650268952108346e-06,0.0003176635045870287,0.0,0.0,8.749600472725532e-06,0.00021273307123199914
0.12,0.0005131887643593815,0.09434750955042545,0.00048328013408987494,0.09181725413423393,1.711629126995347e-06,0.0003278596053461908,0.0,0.0,9.18364025525014e-06,0.00021701989126267363
0.122,0.0005014239104667994,0.09179137503304612,0.000473160209506597,0.08953193931634251,1.8182506299105297e-06,0.00034691916200896636,0.0,0.0,9.625723742751578e-06,0.00022104174375055935
0.124,0.0004890550432452406,0.0892341541193907,0.0004624448667960613,0.08723672591340273,1.9556425888592703e-06,0.00037202236574578106,0.0,0.0,1.0075286457202591e-05,0.00022478135722544396
0.126,0.00047616260477344565,0.08668215890352944,0.00045121651759583224,0.08493966382768066,2.111237508800921e-06,0.0004008032297238189,0.0,0.0,1.053173012839203e-05,0.00022822183559463582
0.128,0.0004628323072459076,0.08414249123657086,0.0004395645510760157,0.08264990742868727,2.2753379227242942e-06,0.00043147966007360604,0.0,0.0,1.0994423536492617e-05,0.00023134670405037389
0.13,0.00044915514665018187,0.08162314349492918,0.0004275855647291006,0.08037786918455024,2.4408930455622015e-06,0.00046278639640458724,0.0,0.0,1.1462703443899762e-05,0.00023413995370313162
0.132,0.0004352274120149353,0.07913310708865676,0.0004153835816251627,0.07813538313616103,2.602922255041857e-06,0.000493854457459514,0.0,0.0,1.1935875613568007e-05,0.0002365860848352122
0.134,0.0004211506734997972,0.07668248637654067,0.0004030702183127533,0.07593587278233618,2.7579648969626667e-06,0.0005240979449320681,0.0,0.0,1.2413215910922135e-05,0.00023867014867570008
0.136,0.0004070317227904244,0.07428261379208563,0.00039076474853784807,0.07379451416120854,2.903658912112336e-06,0.0005531293628954502,0.0,0.0,1.2893971486131056e-05,0.00024037778760388484
0.138,0.0003929824261369912,0.07194615935817936,0.0003785939833607923,0.071728379754085,3.038443809076652e-06,0.0005807010164304504,0.0,0.0,1.3377362033523132e-05,0.00024169527369578836
0.14,0.0003791194336302591,0.06968722422955367,0.00036669185856220136,0.06975654222027299,3.1613576420766393e-06,0.0006066657673126973,0.0,0.0,1.3862581124592793e-05,0.00024260954553475406
0.14200000000000002,0.0003655636682927467,0.06752140339139052,0.0003551985879661762,0.06790010915979358,3.2718990455173247e-06,0.0006309510984269505,0.0,0.0,1.4348797611020599e-05,0.0002431082432141074
0.14400000000000002,0.0003524394968840332,0.06546579730858314,0.0003442592124099651,0.06618215200522971,3.369932696390127e-06,0.0006535420671889396,0.0,0.0,1.4835157093951931e-05,0.00024317974146682853
0.146,0.0003398734647013766,0.0635389467013329,0.0003340213593427168,0.0646274856739535,3.455623336865118e-06,0.000674470145009809,0.0,0.0,1.532078345568063e-05,0.0002428131808637976
0.148,0.00032799246585645924,0.06176065987060537,0.0003246320437299875,0.06326225394461976,3.529388420914663e-06,0.000693805948186975,0.0,0.0,1.5804780449739028e-05,0.00024199849702927212
0.15,0.00031692122886818673,0.060151700073791704,0.0003162334071386739,0.06211328297335836,3.591862750616502e-06,0.0007116545296791446,0.0,0.0,1.6286233345397597e-05,0.00024072644782877073
0.152,0.0003067790381598334,0.05873330413551187,0.0003089574263271899,0.061207186423798514,3.6438705969019584e-06,0.0007281523220454701,0.0,0.0,1.676421062237962e-05,0.0002389886384911652
0.154,0.00029767569813372483,0.05752651591991229,0.00030291982926591653,0.060569242852095424,3.686402149133388e-06,0.0007434650815765419,0.0,0.0,1.7237765711646674e-05,0.00023677754463349854
0.156,0.00028970688397635715,0.056551341844320695,0.00029821371075942546,0.060222116680569655,3.720591989950265e-06,0.0007577863397974638,0.0,0.0,1.7705938777972698e-05,0.0002340865331632372
0.158,0.00028294920199370904,0.05582576994146297,0.0002949035795271774,0.06018454804802208,3.7476978393908617e-06,0.0007713359599661522,0.0,0.0,1.8167758540050573e-05,0.00023090988103877802
0.16,0.0002774554673244877,0.05536473401745332,0.00029302070225892143,0.06047017655335217,3.7690781891284454e-06,0.0007843584499702057,0.0,0.0,1.8622244123801292e-05,0.0002272427918753525
0.162,0.00027325083934875234,0.055179139673582775,0.0002925605510433753,0.06108667031562987,3.7861677510252097e-06,0.0007971207194828005,0.0,0.0,1.906840694457755e-05,0.00022308141038910462
0.164,0.00027033046796021105,0.055275085570619435,0.0002934828763505138,0.0620352939096013,3.8004499483282435e-06,0.0008099083699947597,0.0,0.0,1.9505252613933634e-05,0.0002184228346780448
0.166,0.00026865915331847226,0.05565339990481667,0.0002957144756775147,0.06331097227026856,3.8134260386804533e-06,0.0008229886757482258,0.0,0.0,1.9931782866619563e-05,0.0002132651263433219
0.168,0.00026817321916877386,0.056309566450677515,0.0002991542435977591,0.06490281523703809,3.826580911038617e-06,0.0008367035409127281,0.0,0.0,2.0346997503540784e-05,0.0002076073184606661
0.17,0.0002687844213751437,0.057234047317077145,0.0003036797257266478,0.06679498877781126,3.841346150093129e-06,0.0008513673299390096,0.0,0.0,2.0749896346373455e-05,0.00020144942141548522
0.17200000000000001,0.0002703853728015861,0.05841294092296018,0.00030915425524014024,0.06896777664331642,3.859061580683858e-06,0.0008672898627463614,0.0,0.0,2.1139481199618226e-05,0.0001947924266210814
0.17400000000000002,0.0002728557632282459,0.05982886429228224,0.00031543383085808605,0.07139867623756103,3.88093711604027e-06,0.0008847677733463497,0.0,0.0,2.1514757815904034e-05,0.00018763830814293864
0.176,0.00027606863076512814,0.06146193045379881,0.00032237312693718444,0.07406340498119746,3.908017225717129e-06,0.0009040754041710005,0.0,0.0,2.1874737860415848e-05,0.00018079296408914786
0.178,0.000279896073131619,0.06329070371528984,0.0003298303085795083,0.07693674084249037,3.941150584372643e-06,0.0009254557907753116,0.0,0.0,2.221844087036632e-05,0.000174041463515677
0.18,0.00028421400347658303,0.06529304742861705,0.0003376705748057242,0.07999316684089254,3.980967356170225e-06,0.0009491123599305937,0.0,0.0,2.2544896205497177e-05,0.00016692778850407874
0.182,0.0002889057808213306,0.06744681710996317,0.00034576852808267404,0.08320732447527861,4.0278660692476585e-06,0.0009752019468990896,0.0,0.0,2.2853144985758404e-05,0.0001594610474251884
0.184,0.000293864726994971,0.06973038568813578,0.0003540095629308345,0.08655430234836539,4.082011190413418e-06,0.0010038296298557966,0.0,0.0,2.3142242012226533e-05,0.00015165104411483943
0.186,0.00029899565857038343,0.07212301168670007,0.000362290496031614,0.0900097955059179,4.1433414622769235e-06,0.0010350456978823962,0.0,0.0,2.3411257667635584e-05,0.0001435082476027652
0.188,0.00030421561696384106,0.07460507447424616,0.00037051964829100577,0.0935501718369402,4.211588010248707e-06,0.001068844849194648,0.0,0.0,2.365927979277368e-05,0.00013504376056657635
0.19,0.0003094539884178234,0.07715820533192698,0.0003786165563816211,0.09715247794267315,4.286300360740188e-06,0.0011051675017546962,0.0,0.0,2.38854155352429e-05,0.0001262692866484047
0.192,0.0003146521864704638,0.07976534193339115,0.0003865114519807937,0.10079441095205426,4.366877973041463e-06,0.0011439029276911078,0.0,0.0,2.40887931671702e-05,0.00011719709677240203
0.194,0.0003197630379588935,0.08241072961661615,0.00039414460973086695,0.10445427657590323,4.452604725146845e-06,0.0011848938193825328,0.0,0.0,2.4268563868494464e-05,0.00010783999460137195
0.196,0.00032474997982028165,0.08507988752670248,0.0004014656337449213,0.10811094814186097,4.5426839689903645e-06,0.0012279418629984793,0.0,0.0,2.442390347263349e-05,9.821128126943218e-05
0.198,0.0003295861435830397,0.0877595525339948,0.0004084327282650666,0.1117438367630365,4.636272183566007e-06,0.0012728139229625673,0.0,0.0,2.455401417145349e-05,8.83247195273898e-05
0.2,0.00033425337983846825,0.0904376093963733,0.0004150119803410137,0.11533287917253471,4.73250978457552e-06,0.001319248507344331,0.0,0.0,2.4658126176549562e-05,7.81944974348886e-05
0.202,0.0003387412565253066,0.09310301216300544,0.0004211766700119021,0.11885854696365887,4.830548187941816e-06,0.0013669622669776431,0.0,0.0,2.4735499334007857e-05,6.783519173126501e-05
0.20400000000000001,0.0003430460519222535,0.09574569931761616,0.00042690661521257333,0.12230187882811198,4.9295726956134636e-06,0.0014156563615300767,0.0,0.0,2.4785952909328742e-05,5.7261731014376926e-05
0.20600000000000002,0.00034716975482506344,0.09835650353993826,0.0004321875533833562,0.12564453570918263,5.028821136131328e-06,0.0014650225916917803,0.0,0.0,2.4878931627034945e-05,4.648935885312455e-05
0.20800000000000002,0.0003511190794442905,0.10092705609716306,0.0004370105586480487,0.12886887744507444,5.127598440745007e-06,0.0015147492425505124,0.0,0.0,2.494999882094633e-05,3.901599444992854e-05
0.21,0.0003549045001676453,0.10344968563161251,0.0004413714917615038,0.13195805837121616,5.225287480676273e-06,0.0015645266088210807,0.0,0.0,2.4998819237968296e-05,4.257890625875005e-05
0.212,0.00035853931071398645,0.10591731136066823,0.0004452704793248673,0.13489613842004033,5.3213565540690875e-06,0.0016140521807590806,0.0,0.0,2.5025089561600674e-05,4.627494569132279e-05
0.214,0.0003620387127397503,0.1083233313284203,0.00044871141867811564,0.13766820547538916,5.415363917206053e-06,0.0016630354650781398,0.0,0.0,2.5028538750205545e-05,5.010114879876876e-05
0.216,0.0003654189401418258,0.11066150722287554,0.00045170150517022465,0.1402605041048152,5.5069597252813076e-06,0.0017112024028907468,0.0,0.0,2.500892830431165e-05,6.385929810492214e-05
0.218,0.0003686964267276874,0.11292584827010652,0.00045425077901910824,0.1426605653226775,5.595885701247948e-06,0.0017582993313803306,0.0,0.0,2.4966052464150284e-05,7.956772535921454e-05
0.22,0.00037188702626413675,0.11511049770418884,0.00045637168960252614,0.14485733175636847,5.681972799794847e-06,0.001804096421613067,0.0,0.0,2.4899738338802417e-05,9.548100219731494e-05
0.222,0.0003750052949054752,0.11720962615465161,0.00045807867569965335,0.14684127252626886,5.765137085688271e-06,0.0018483905147503475,0.0,0.0,2.480984596848958e-05,0.00011157778371071424
0.224,0.0003780638464392662,0.11921733686482523,0.0004593877608868425,0.1486044823321681,5.845374007069343e-06,0.0018910072753806379,0.0,0.0,2.469626832171906e-05,0.00012783624870470797
0.226,0.00038107279053935895,0.12112758784858588,0.00046031616395061773,0.15014075967972373,5.922751217177407e-06,0.0019318025851318408,0.0,0.0,2.455893122913172e-05,0.0001442341348789377
0.228,0.0003840392632215473,0.12293413583741225,0.0004608819247952831,0.15144565987988504,5.9974000840701185e-06,0.0019706631130328965,0.0,0.0,2.4397793256027926e-05,0.00016074877455988872
0.23,0.0003869670569742844,0.12463050613846018,0.0004611035468756749,0.15251651939356062,6.069506026360818e-06,0.002007506020887179,0.0,0.0,2.4212845515679787e-05,0.0001773571309177906
0.232,0.0003898563556780073,0.12620999134552566,0.00046099965766394687,0.15335244923513242,6.139297823412221e-06,0.002042277791451574,0.0,0.0,2.400411142562854e-05,0.00019403583460066588
0.234,0.000392703576590148,0.1276656803008162,0.0004605886890506679,0.15395429643529204,6.20703606865302e-06,0.0020749522026376143,0.0,0.0,2.3771646409275106e-05,0.0002107612207188159
0.23600000000000002,0.00039550131856600325,0.1289905169263446,0.00045988857987361683,0.1543245739246669,6.27300096218447e-06,0.0021055275098305465,0.0,0.0,2.3515537545136923e-05,0.00022750936611351568
0.23800000000000002,0.0003982384125397872,0.13017738669189688,0.00045891650295247846,0.1544673605538788,6.337479670721996e-06,0.002134022937889374,0.0,0.0,2.3235903166220398e-05,0.0002442561268443267
0.24,0.00040090006733539446,0.1312192267367182,0.00045768861907591747,0.15438817422945386,6.400753515284743e-06,0.002160474621124584,0.0,0.0,2.293289241200837e-05,0.0002609771758301021
0.242,0.00040346810131532097,0.13210915417913494,0.0004562198603338978,0.15409382223978166,6.463085275932815e-06,0.0021849311603032435,0.0,0.0,2.2606684735602373e-05,0.0002776480405794826
0.244,0.00040592124836363365,0.13284060606636214,0.0004545237450108977,0.15359223370469205,6.524706924193994e-06,0.0022074489875641987,0.0,0.0,2.2257489368589624e-05,0.0002942441409475513
0.246,0.00040823552532930155,0.1334074838234652,0.0004526122259578286,0.15289227965810015,6.585808103793818e-06,0.0022280877407233335,0.0,0.0,2.188554474621924e-05,0.0003107408268560874
0.248,0.00041038464735975306,0.13380429498879934,0.00045049557395029693,0.1520035865399052,6.646525675946693e-06,0.0022469058464756942,0.0,0.0,2.1491117895477833e-05,0.00032711341591589935
0.25,0.0004123404775020588,0.13402628545131892,0.0004481822970321127,0.15093634882933543,6.706934624946881e-06,0.002263956497252911,0.0,0.0,2.1074503788646754e-05,0.0003433372308906269
0.252,0.0004140734974634636,0.13406955626332798,0.0004456790962549834,0.1497011462188664,6.767040582711951e-06,0.0022792841799616852,0.0,0.0,2.06360246649072e-05,0.00035938763694259336
0.254,0.00041555328739428587,0.13393116028607488,0.00044299085758195075,0.14830877014724875,6.826774178981249e-06,0.002292921878794094,0.0,0.0,2.017602932252819e-05,0.00037524007860220525
0.256,0.00041674900385837234,0.13360917531140376,0.000440120679051036,0.14677006373858043,6.8859873596574214e-06,0.0023048890317142606,0.0,0.0,1.9694892384138052e-05,0.0003908701164038707
0.258,0.00041762984666186224,0.13310275176340147,0.0004370699316261706,0.14509577829690595,6.94445174402981e-06,0.00231519027486826,0.0,0.0,1.919301353753202e-05,0.00040625346313246866
0.26,0.0004181655068030854,0.13241213450300648,0.00043383835152464856,0.1432964485500518,7.001859017286423e-06,0.002323814964735644,0.0,0.0,1.867081675440915e-05,0.0004213660196257518
0.262,0.00041832658938652787,0.1315386595398385,0.00043042416123219995,0.14138228788620466,7.057823283222695e-06,0.0023307374278197534,0.0,0.0,1.8128749489375795e-05,0.00043618391007958085
0.264,0.00041808500683637734,0.13048472752971152,0.0004268242159229297,0.13936310393748855,7.111885238292787e-06,0.002335917854827438,0.0,0.0,1.7567281861472872e-05,0.0004506835168042629
0.266,0.00041741433909762917,0.12925375676237047,0.00042303417161160094,0.13724823408008938,7.163517976082199e-06,0.0023393037324596494,0.0,0.0,1.698690582041453e-05,0.0004648415143817461
0.268,0.00041629015869453824,0.12785011890782075,0.0004190486710937696,0.13504649977028438,7.212134193412279e-06,0.0023408316918874473,0.0,0.0,1.6388134299636075e-05,0.00047863490317527624
0.27,0.0004146903195149032,0.12627906109972847,0.0004148615435822173,0.13276617813624764,7.257094546667548e-06,0.0023404296485056222,0.0,0.0,1.577150035816531e-05,0.0004920410421444463
0.272,0.0004125952090061015,0.12454661801649787,0.00041046601392674643,0.13041498890028266,7.297716899321297e-06,0.002338019111632857,0.0,0.0,1.5137556313236282e-05,0.0005050376809206253
0.274,0.0004099879641169913,0.12265951751180941,0.0004058549174032458,0.12800009450805785,7.333286207315257e-06,0.0023335174827154494,0.0,0.0,1.4486872865462279e-05,0.0005176029910994306
0.276,0.0004068546518172433,0.12062508308936928,0.0004010209162666559,0.1255281112753862,7.363064805746347e-06,0.0023266501693598013,0.0,0.0,1.3820038218296908e-05,0.0005297155967087901
0.278,0.0004031844153940194,0.11845113615504084,0.0003959567145668976,0.12300512940874449,7.386302885360472e-06,0.0023175344643092486,0.0,0.0,1.3137657193396145e-05,0.0005413546038132121
0.28,0.0003989695879879555,0.11614590055447666,0.000390655268110425,0.12043673989011557,7.402248977955135e-06,0.002306090496516685,0.0,0.0,1.2440350343398236e-05,0.0005524996292166733
0.28200000000000003,0.0003942057750079558,0.11371791145177962,0.00038510998689542114,0.11782806641663036,7.4101603032845975e-06,0.002292242682400672,0.0,0.0,1.1728753063528982e-05,0.0005631308282290012
0.28400000000000003,0.0003888919071775843,0.1111759301541489,0.0003793149278387689,0.11518380082915375,7.4093128644923206e-06,0.0022759213581284425,0.0,0.0,1.1003514703340593e-05,0.0005732289214623945
0.28600000000000003,0.00038303026603254395,0.1085288660615587,0.00037326497613255055,0.11250824073251808,7.3990112127633175e-06,0.002257064194942308,0.0,0.0,1.0265297679775114e-05,0.0005827752206272463
0.28800000000000003,0.00037662648372415906,0.1057857065353219,0.00036695601410423876,0.10980532828823815,7.378597834010883e-06,0.002235617411031867,0.0,0.0,1.0681655064703234e-05,0.0005917516532985209
0.29,0.00036968951900070285,0.10295545514501535,0.0003603850769986775,0.10707868943691035,7.34746214046324e-06,0.002211536805026309,0.0,0.0,1.1119797388870617e-05,0.0006001407866264366
0.292,0.00036223161124754436,0.10004707847487215,0.00035355049564598937,0.1043316730747238,7.305049078194663e-06,0.002184788645630577,0.0,0.0,1.1562588004333275e-05,0.000607925849967432
0.294,0.00035426821447737296,0.09706946144969733,0.000346452026526674,0.10156738996303774,7.250867388500884e-06,0.0021553504597129664,0.0,0.0,1.2009492477149664e-05,0.0006150907564139788
0.296,0.00034581791318080745,0.09403137097516637,0.0003390909702967632,0.09878875139166618,7.1844975874429815e-06,0.002123211767855707,0.0,0.0,1.2459954295208214e-05,0.0006216201232042903
0.298,0.00033690232198255366,0.0909414275748182,0.00033147028040035446,0.09599850784839746,7.105599755247548e-06,0.0020883748227333693,0.0,0.0,1.2913395455551799e-05,0.0006274992909952315
0.3,0.0003275459711055202,0.08780808464199336,0.00032359466398752855,0.0931992881752016,7.013921257108083e-06,0.002050855412456532,0.0,0.0,1.336921709484476e-05,0.0006327143419847664
