time_ps,atom_index,full_lj_displacement_nm,full_lj_native_velocity_nm_per_ps,continuous_k2_displacement_nm,continuous_k2_native_velocity_nm_per_ps,unprojected_be_displacement_nm,unprojected_be_native_velocity_nm_per_ps,relifted_be_displacement_nm,relifted_be_native_velocity_nm_per_ps
0.0,0,0.01,0.0,0.01,0.0,0.01,0.0,0.01,0.0
0.0,1,0.0,0.0,0.0,0.0,0.0,0.0,0.0,0.0
0.0,2,0.0,0.0,0.0,0.0,0.0,0.0,0.0,0.0
0.002,0,0.009998675010782452,-0.001324924471805484,0.009998682711569827,-0.001317226134670454,0.009997366792381926,-0.0013166038090369327,0.009997366792381926,-0.0013166038090369327
0.002,1,1.3249628901182366e-06,0.0013248718177307642,1.3172622558084077e-06,0.0013171737867333389,2.6325799847838056e-06,0.0013162899923919026,2.6325799847838056e-06,0.0013162899923919026
0.002,2,2.6327431043617513e-11,5.2654074718141036e-08,2.61743648557807e-11,5.2347937115438914e-08,6.276332900597089e-10,3.1381664502985446e-07,6.276332900597089e-10,3.1381664502985446e-07
0.004,0,0.009994700819998757,-0.002649072141293571,0.009994731593758016,-0.00263370484673401,0.00999210336213393,-0.002631715123996865,0.00999210341265771,-0.002631689862107699
0.004,1,5.298758800111058e-06,0.002648650965329949,5.267987490191162e-06,0.0026332861203024562,7.893500840219285e-06,0.0026304604277177395,7.893450456133752e-06,0.0026304352356749726
0.004,2,4.212011326149278e-10,4.211759636219499e-07,4.1875179374314203e-10,4.187264315533359e-07,3.137025848308655e-09,1.254696279124473e-06,3.1368861555132877e-09,1.2546264327267892e-06
0.006,0,0.009988079757456659,-0.003971667005593418,0.009988148888327572,-0.003948689386625467,0.009984214181374,-0.003944590379964516,0.009984214408857389,-0.003944501900162519
0.006,1,1.191811053099985e-05,0.003970245855270375,1.1848992062455989e-05,0.003947276505891732,1.5776411539803283e-05,0.003941455349792001,1.5776184792878664e-05,0.003941367168372457
0.006,2,2.1320123430020403e-09,1.4211503230462107e-06,2.1196099749606993e-09,1.4128807337341524e-06,9.407086193337552e-09,3.135030172514448e-06,9.406349735637489e-09,3.1347317900621004e-06
0.008,0,0.009978815703503707,-0.005291934659166919,0.009978938329307373,-0.005261434349918094,0.00997370520400072,-0.005254488686641083,0.009973705836075417,-0.005254286390985208
0.008,1,2.1177559694514887e-05,0.005288567063615085,2.1054973098527954e-05,0.005258086364344618,2.6272856772824936e-05,0.005248222616510826,2.6272227033092218e-05,0.005248021120106776
0.008,2,6.73680177841664e-09,3.3675955518369255e-06,6.6975940999624074e-09,3.3479855734751847e-06,2.1939226453850164e-08,6.266070130256305e-06,2.1936891492499788e-08,6.265270878431151e-06
0.01,0,0.009966914085042081,-0.006609103088604707,0.009967105139631309,-0.006571196347532403,0.009960583859025433,-0.006560672487644168,0.009960585249568431,-0.006560293253493896
0.01,1,3.3069472110773616e-05,0.006602528407802229,3.287851327793531e-05,0.006564659987399234,3.9372286458948645e-05,0.006549714843061852,3.93709016585448e-05,0.0065493373127262925
0.01,2,1.6442847146229023e-08,6.574680802476918e-06,1.6347090756332576e-08,6.536360133167758e-06,4.3854515618483016e-08,1.0957644582316432e-05,4.384877302770453e-08,1.0955940767602374e-05
0.012,0,0.009952381869951416,-0.007922403462760309,0.00995265602643964,-0.007877234673117524,0.009944859042596961,-0.007862408214235981,0.009944861696416809,-0.007861776575812635
0.012,1,4.758404536888306e-05,0.007911048019583925,4.7310087528329615e-05,0.007865945489815063,5.506206713690487e-05,0.007844890338978113,5.505942536783194e-05,0.007844261854643571
0.012,2,3.4084679701220915e-08,1.1355443176383541e-05,3.388603203274678e-08,1.1289183302461505e-05,7.889026613421522e-08,1.751787525786609e-05,7.887821536582845e-08,1.751472116906196e-05
0.014,0,0.009935227559920008,-0.009231070916675497,0.009935599175049215,-0.009178811966671335,0.009926541108731791,-0.00915896693258499,0.009926545705764933,-0.0091579953259383
0.014,1,6.470931855102744e-05,0.009213049411495755,6.433807162029175e-05,0.009160895757360827,7.332749521297543e-05,0.009132714038035282,7.332292082216122e-05,0.009131747727164645
0.014,2,6.31215289652105e-08,1.802150517974716e-05,6.27533304947069e-08,1.7916209310505627e-05,1.3139605523362527e-07,2.625289454970503e-05,1.313734129131342e-07,2.6247598773652874e-05
0.016,0,0.009915461181754239,-0.01053434532792158,0.009915944241600996,-0.010475194873472782,0.00990564185876443,-0.010449624983680452,0.009905649277657235,-0.010448214053847134
0.016,1,8.443118402480876e-05,0.010507462535492458,8.394875265312054e-05,0.010448469389639095,9.415181205297974e-05,0.010412158420002161,9.414443234536957e-05,0.010410755761604176
0.016,2,1.0763422095210682e-07,2.6882792429138032e-05,1.0700574588374669e-07,2.672548383368159e-05,2.0632918259020673e-07,3.7466563678290727e-05,2.0628999739904777e-07,3.7458292242956796e-05
0.018000000000000002,0,0.009893094277150207,-0.011831472083813334,0.009893702344395152,-0.01176565469740907,0.00988217452953436,-0.011733664615035248,0.009882185870489418,-0.01173170358390816
0.018000000000000002,1,0.0001067334013356377,0.01179322483209127,0.00010612634142025864,0.011727631636729963,0.00011751622089951265,0.011682204423266458,0.00011750494355736758,0.011680255605998998
0.018000000000000002,2,1.7232151415468525e-07,3.824725172208377e-05,1.713141845909365e-07,3.8023060679100584e-05,3.0924956612778843e-07,5.1460191768790835e-05,3.0918595321736815e-07,5.1447977909160195e-05
0.02,0,0.00986813989090338,-0.013121702837935876,0.009868886053925862,-0.013049468047791234,0.009856153780327701,-0.013010374603329898,0.009856170387096425,-0.013007741696496326
0.02,1,0.0001315976132426496,0.013069282268336825,0.00013085298664098298,0.012997355328644308,0.0001433999055942547,0.012941842347371023,0.00014338339691787196,0.012939226680252177
0.02,2,2.6249585397057066e-07,5.242056959907213e-05,2.609594331587732e-07,5.2112719146921604e-05,4.463140780455412e-07,6.853225595887645e-05,4.4621598570566773e-07,6.851501624414973e-05
0.022,0,0.009840612557551021,-0.01440429625447842,0.009841509381629752,-0.014325917478764322,0.009827595678593364,-0.014279050867169865,0.009827619159500974,-0.01427561379772672
0.022,1,0.00015900336391407878,0.014334590362978766,0.000158108791042977,0.014256621796586561,0.00017178005108327526,0.014190072744510257,0.0001717567151549949,0.014186659118561451
0.022,2,3.8407853489981645e-07,6.970589149966929e-05,3.8182732727479333e-07,6.929568217775856e-05,6.242703233647645e-07,8.897812265961157e-05,6.241253440361998e-07,8.895467916526595e-05
0.024,0,0.009810528286704324,-0.01567851873962787,0.009811587767363657,-0.015594292120432875,0.009796517684455065,-0.015538997069148873,0.00979654993234845,-0.015534613576262119
0.024,1,0.00018892811891699462,0.015588115198322207,0.00018787182927841237,0.0155044217850378,0.00020263186568137955,0.015425907299052126,0.00020259982455101425,0.015421554698009644
0.024,2,5.435943786808746e-07,9.040354130567483e-05,5.404033579363472e-07,8.987033539507271e-05,8.504498635582544e-07,0.00011308977009674501,8.502431005411365e-07,0.00011305887825246832
0.026000000000000002,0,0.009777904546842202,-0.016943645158042423,0.009779138065629115,-0.01685388830083841,0.009762938634042196,-0.01678952520643302,0.009762981845056093,-0.016784043646179827
0.026000000000000002,1,0.00022134728734803902,0.016828834416369995,0.00022011816765420242,0.01673975635368193,0.00023592860506971568,0.01664836969416807,0.00023588568005545465,0.016642927752220225
0.026000000000000002,2,7.481658097590478e-07,0.00011481074167243929,7.437667166897206e-07,0.00011413194715647167,1.1327608880881518e-06,0.00014115551226494863,1.1324748884603196e-06,0.0001411158939595915
0.028,0,0.00974276024765712,-0.018198959533209765,0.009744178530562787,-0.018104010157943443,0.00972687872166399,-0.018029956189104183,0.009726935412706255,-0.018023216174919567
0.028,1,0.00025623424598532585,0.01805573819801329,0.0002548218856551459,0.017961637768211185,0.00027164159799905797,0.017856496464671134,0.0002715852921934721,0.017849806069008694
0.028,2,1.0055063575526386e-06,0.0001432213351964714,9.99583782078981e-07,0.00014237238973224126,1.4796803369542417e-06,0.00017345972443304477,1.4792951002820323e-06,0.00017341010591085648
0.03,0,0.009705115721059785,-0.019443755730737627,0.009706728799713564,-0.019343970240795927,0.009688359480852936,-0.01925962040552591,0.009688432505715511,-0.0192514534953725
0.03,1,0.00029356036531783615,0.01926783022435624,0.0002919550992367695,0.01916909037906172,0.0003097402736694218,0.019049337835181913,0.00030966775573545145,0.019041231770989684
0.03,2,1.3239136223781882e-06,0.00017592550638136946,1.3161010496812778e-06,0.0001748798617341968,1.900245477642231e-06,0.0002102825703439947,1.8997385490476257e-06,0.00021022172438279658
0.032,0,0.009664992700841648,-0.020677338123355555,0.009666809876628869,-0.020573090099068957,0.009647403764304893,-0.020477858274021335,0.009647496328313087,-0.02046808870121176
0.032,1,0.00033329503746886964,0.02046412861882451,0.00033148798586279184,0.020361151487145904,0.00035019219075494573,0.02022595854276198,0.00035010028009171246,0.02021626217813052
0.032,2,1.7122616894828138e-06,0.00021320950453102586,1.7021375083565404e-06,0.000211938611923037,2.404044940160932e-06,0.0002518997312593504,2.4033915952100598e-06,0.00025182652308121704
0.034,0,0.009622414301011984,-0.021899022236326674,0.00962444411227413,-0.02179070086019294,0.009604035722744533,-0.02168402078018008,0.009604151395863873,-0.02167246622460729
0.034,1,0.00037540570600571763,0.02164366686853813,0.0003733888112602842,0.021536872195665135,0.000392963068041298,0.021385438643176102,0.0003928482213942616,0.02137397065127459
0.034,2,2.1799929822983174e-06,0.0002553553677885403,2.1670764656012494e-06,0.0002538286645277896,3.0012092141688818e-06,0.00029858213700397493,3.0003827418754133e-06,0.00029849557333267677
0.036000000000000004,0,0.00957740499282947,-0.02310813537204934,0.009579655185311061,-0.022996143793321593,0.009558280782746257,-0.022877469999139706,0.009558423511072844,-0.02286394239551194
0.036000000000000004,1,0.0004198578976226516,0.02280549472354452,0.0004176239578637872,0.02269531824710495,0.00043801681664123126,0.02252687429996663,0.00043787511622564494,0.022513447415691706
0.036000000000000004,2,2.737109547876892e-06,0.0003026406485048248,2.720856825168761e-06,0.00030082554621662576,3.702400612515026e-06,0.00035059569917307245,3.7013727015158344e-06,0.00035049497982021034
0.038,0,0.009529990580676962,-0.024304017213682715,0.009532468081261746,-0.024188770859398148,0.009510165623541825,-0.024057579602216956,0.009510339739109341,-0.024041885981751696
0.038,1,0.00046661525549348605,0.023948679074005108,0.00046415795491786574,0.023835570844533863,0.0004853155737523254,0.023649378555547034,0.0004851427169531412,0.023633800363748132
0.038,2,3.3941638295522e-06,0.0003553381396776041,3.3739638204031486e-06,0.00035320001486426576,4.518802705854862e-06,0.0004082010466699176,4.517543937522905e-06,0.0004080856180035348
0.04,0,0.009480198176709724,-0.025486020406032275,0.009482909070587138,-0.02536794524661517,0.009459718152847236,-0.025223735347294763,0.00945992838169094,-0.025205678709200426
0.04,1,0.0005156395744168459,0.02507230480302771,0.0005129535102058493,0.024956727456347784,0.0005348197379194168,0.024752082083545675,0.0005346110286247925,0.024734155835825628
0.04,2,4.162248873430715e-06,0.00041371560300455947,4.13741920703007e-06,0.0004112177902673696,5.462109233353027e-06,0.0004716532637490826,5.46058968427243e-06,0.000471522873374763
0.042,0,0.00942805617435849,-0.026653511113059705,0.009431005685709754,-0.02653304189058908,0.009406967481742433,-0.026375335552402932,0.009407218950168205,-0.02635471576136836
0.042,1,0.000566890837652848,0.026175475614453436,0.0005639715433708071,0.026057902603623406,0.00058648800576273,0.025834133921656503,0.0005862383473821059,0.025813659378656737
0.042,2,5.052987988661442e-06,0.00047803549860626167,5.0227709194573415e-06,0.00047513928696566945,6.54451249484586e-06,0.0005412016307464167,6.5427024496956325e-06,0.0005410563827116017
0.044,0,0.00937359422075771,-0.027805869551501786,0.009376786697011901,-0.027683447978599982,0.009351943898638507,-0.027511791551962535,0.00935224213765264,-0.027488406257783583
0.044,1,0.0006203272553645634,0.027257314835077907,0.0006171712207931584,0.027138228629266833,0.0006402774101312881,0.026894702184279043,0.0006399813003426711,0.02687147648028247
0.044,2,6.078523877725976e-06,0.0005485547164238798,6.042082194959863e-06,0.0005452193493331323,7.778691230212822e-06,0.0006170893676834805,7.776562004697826e-06,0.0006169297775010966
0.046,0,0.009316843188138689,-0.028942490499840105,0.009320282087841848,-0.02881856343727735,0.009294678842368113,-0.02863252813519799,0.009295029790231446,-0.02860617371059694
0.046,1,0.0006759053046257501,0.02831696619034717,0.0006725099919877163,0.028196856448167232,0.0006961433596398029,0.027932974754257427,0.0006957948869044284,0.027906793280878785
0.046,2,7.251507235561098e-06,0.0006255243094929372,7.207920170458795e-06,0.0006217069891100986,9.177797992093932e-06,0.0006995533809405542,9.175322864134094e-06,0.0006993804297181347
0.048,0,0.009257835144213872,-0.030062783781684775,0.009261523028561666,-0.029937801403144164,0.009235204874435602,-0.02973698396625444,0.00923561487731366,-0.029707456458892938
0.048,1,0.0007335797709778336,0.0293535945522502,0.0007299436274814023,0.02923295627759005,0.0007540396795459143,0.02894815995305574,0.0007536325214219063,0.028918817258738856
0.048,2,8.585084808293509e-06,0.0007091892294345792,8.533343956953505e-06,0.0007048451255540959,1.07554460184913e-05,0.0007888240131986849,1.0752601264442197e-05,0.0007886392001540531
0.05,0,0.009196603321598383,-0.031166174722921845,0.009200541849671628,-0.03104058867546387,0.009173555650464417,-0.03082461198559313,0.009174031461153176,-0.030791708080241783
0.05,1,0.0007933037914882976,0.03036638665855052,0.0007894262581313688,0.03024571834707,0.0008139186539233857,0.029939487188735635,0.000813446077203386,0.02990677789073995
0.05,2,1.0092886913319513e-05,0.0007997880643713354,1.0031892197027022e-05,0.0007948703283938468,1.2525695612206253e-05,0.0008851247968574758,1.2522461643445801e-05,0.0008849301895018018
0.052000000000000005,0,0.009133182086406738,-0.03225210458328741,0.00913737201404699,-0.0321263661508686,0.00910976589087987,-0.03189487979227276,0.009110314665595016,-0.031858397779081275
0.052000000000000005,1,0.0008550288991210459,0.03135455180438326,0.0008509104158418114,0.03123435358709076,0.0008757310690856485,0.03090620758113133,0.0008751859317767187,0.03086992728666619
0.052000000000000005,2,1.1789014472216584e-05,0.0008975527789041583,1.1717570111221564e-05,0.0008920125637778182,1.4503040034489072e-05,0.0009886722111414098,1.4499402628275898e-05,0.0009884704924150484
0.054,0,0.009067606905960205,-0.03332003096042416,0.009072048088324203,-0.03319458923928084,0.00904387135086635,-0.03294727000676044,0.009044500644091876,-0.03290701075157071
0.054,1,0.0009187050685423226,0.03231732250330686,0.0009143470756363519,0.03219809429586532,0.0009394262582129425,0.03184759456364701,0.0009388010133703215,0.03180754079680127
0.054,2,1.3688025497471923e-05,0.0010027084571173203,1.360483603947032e-05,0.0009964949434154993,1.670239092071591e-05,0.0010996754431134177,1.6698342537814694e-05,0.0010994699547693962
0.056,0,0.008999914315726077,-0.03436942816693192,0.009004605713474315,-0.03424472826067615,0.008975908789638444,-0.033981280613952405,0.00897662654703865,-0.03393704852661326
0.056,1,0.0009842807631994614,0.03325395511851021,0.0009796856990415342,0.03313619478355976,0.0010049521471352072,0.0327629444611323,0.0010042388485548193,0.03271891759224882
0.056,2,1.5804921074461568e-05,0.0011154730484217285,1.570858748417474e-05,0.0011085334771163645,1.91390632263561e-05,0.001218336152820095,1.913460440654349e-05,0.0012181309343643986
0.058,0,0.00893014188553824,-0.035399787580182494,0.008935081574602405,-0.03527626882227005,0.008905915939066205,-0.034996425286120944,0.008906730488473059,-0.034948029282796896
0.058,1,0.00105170298361829,0.03416373046376796,0.001046874278735684,0.03404793199333186,0.0010722553012218524,0.03365157704332252,0.0010714456109897827,0.03360338121748159
0.058,2,1.815513084346874e-05,0.0012360571164145495,1.8044146661933258e-05,0.0012283368289381662,2.1828759711952932e-05,0.0013448482427984158,2.1823900537174e-05,0.0013446480653152538
0.06,0,0.00885832818514699,-0.03641061796460051,0.008863513370012507,-0.03628871217574882,0.00883393147169512,-0.03599223368554092,0.008834851512190944,-0.03593948814105822
0.06,1,0.001120917316869255,0.03504595437352783,0.0011158593844161587,0.03493260609858602,0.0011412809733285765,0.034512836053361966,0.001140366171219113,0.034460280114665266
0.06,2,2.0754497983753776e-05,0.001364663591072692,2.062724557135723e-05,0.0013561060771627785,2.4787554976310826e-05,0.0014793976321789458,2.478231658995979e-05,0.0014792080263928962
0.062,0,0.00878451274913564,-0.03740144576592954,0.008789939779578322,-0.03728157555420058,0.00875999496820195,-0.036968251746586245,0.00876102955732509,-0.03691097743292701
0.062,1,0.0011918679871692948,0.035899958241203504,0.0011865862098368483,0.03578954107587636,0.0012119731527504983,0.03534608971096085,0.0012109441474578053,0.03528898811934637
0.062,2,2.3619263695065124e-05,0.0015014875247260453,2.34740105848528e-05,0.0014920344783241977,2.8031879047561633e-05,0.001622162035625399,2.802629521712095e-05,0.00162198931358058
0.064,0,0.008708736041282835,-0.03837181537791211,0.008714400432460639,-0.038254392488440675,0.0086841468843277,-0.037924041937123606,0.008685305423436566,-0.0378620669442625
0.064,1,0.0012644979075183392,0.03672509952611707,0.0012589986209666816,0.03661808525292114,0.0012842746151300356,0.03615073118976876,0.0012831219573120822,0.036088904927138475
0.064,2,2.6766051198824908e-05,0.0016467158517950477,2.6600946572702703e-05,0.0016363072355195223,3.157850054227133e-05,0.0017733107473548461,3.157261925136886e-05,0.0017731620171239574
0.066,0,0.008631039418438659,-0.03932128938172452,0.00863693587421293,-0.03920671310246302,0.008606428517329564,-0.03885918349906781,0.008607720735167676,-0.0387923441344451
0.066,1,0.0013387487322856653,0.0375207622293166,0.0013330392052188459,0.03741761183122331,0.0013581269732671974,0.03692617906858084,0.0013568408703742527,0.03685945653108505
0.066,2,3.0211849275674643e-05,0.0018005271524079275,3.0024920568249894e-05,0.001789101271239685,3.544450940324529e-05,0.0019330044304869797,3.5438394458088835e-05,0.001932887603359982
0.068,0,0.008551465093922168,-0.040249448757244524,0.008557587533317099,-0.04013810438778698,0.008526881971993564,-0.039773272668000154,0.008528317906505597,-0.03970141433103938
0.068,1,0.0014145609107608743,0.03828635733652761,0.0014086493216994597,0.038187519382824546,0.0014334707287792488,0.037671877756025644,0.0014320410616330962,0.037600095629421605
0.068,2,3.3973995316956934e-05,0.0019630914207169215,3.376314498346398e-05,0.0019505850049624024,3.9647299227194294e-05,0.0021013949119745006,3.964103186132424e-05,0.0021013187016177015
0.07,0,0.008470056100536447,-0.04115589306718264,0.008476397687191847,-0.04104815045650787,0.008445550126249984,-0.04066592287178769,0.008447140104705608,-0.04058890089999479
0.07,1,0.001491873741538452,0.03902132322945082,0.0014857691524235185,0.03892723232075268,0.0015102453245560848,0.03838729788841778,0.0015086616656401035,0.038310302003503646
0.07,2,3.807015792509875e-05,0.002134569837731835,3.78331603846618e-05,0.002120918135755164,4.4204549193934096e-05,0.0022786249833699,4.419822965430639e-05,0.002278598896491066
0.07200000000000001,0,0.00838685625324569,-0.04204024061418769,0.00839340942771629,-0.04193645277289729,0.008362476596433627,-0.04153676490817831,0.008364231213922603,-0.04145444539150104
0.07200000000000001,1,0.001570625427686621,0.03972512606518088,0.0015643377544450844,0.03963620134275614,0.0015883891979570689,0.03907193670049165,0.0015866408313715246,0.03898958286571073
0.07200000000000001,2,4.251831906768887e-05,0.0023151145490068283,4.225281783865447e-05,0.002300251430141119,4.9134205609307386e-05,0.002464828207686648,4.9127954705886855e-05,0.002464862525790235
0.074,0,0.008301910111560987,-0.04290212857096602,0.008308666626312012,-0.04280263036343783,0.008277705702230865,-0.04238544710138209,0.008279635798599274,-0.04229770766166385
0.074,1,0.0016507531326498638,0.0403972601233156,0.0016442931128479187,0.04031390384795244,0.001667839834694603,0.039725318368767075,0.001665915777725885,0.03963747317718034
0.074,2,4.733675578914907e-05,0.002504868447650439,4.704026084010313e-05,0.0024887265154853394,5.4454463074537365e-05,0.0026601287326149864,5.444842367485371e-05,0.0026602344844834304
0.076,0,0.008215262941682852,-0.04374121308354737,0.008222213898626608,-0.04364632000521531,0.00819128243135549,-0.04321163543768569,0.008193399066658844,-0.04311836597021431
0.076,1,0.0017321930368315818,0.04103724812046701,0.001725572194542043,0.04095984432605211,0.0017485338233492658,0.04034699432733142,0.0017464228495964215,0.04025353593526803
0.076,2,5.2544021485565406e-05,0.0027039649630803695,5.221390683138548e-05,0.0026864756791631465,6.018374529524582e-05,0.002864641110354235,6.0178083744746074e-05,0.002864830034946189
0.078,0,0.008126960678483069,-0.044557169349148266,0.00813409656886217,-0.04446717639262961,0.008103252403995129,-0.04401501368018169,0.008105566832549817,-0.043916117054511455
0.078,1,0.0018148803947379648,0.04164464149392666,0.001808111002811063,0.04157355471885362,0.0018304069104609802,0.040936543555857074,0.001828097574457767,0.040837362430672625
0.078,2,5.815892677896625e-05,0.0029125278552216234,5.7792428326801854e-05,0.0028936216737759377,6.634068554389501e-05,0.003078470124324593,6.633559299242354e-05,0.0030787546238387285
0.08,0,0.008037049887342952,-0.04534969166795313,0.008044360633792021,-0.0452648722824231,0.008013661837069669,-0.044795283462729395,0.008016185480189534,-0.044690676180142566
0.08,1,0.001898749592681391,0.04221902065280852,0.0018918446325545308,0.04215459475373983,0.0019133940561403952,0.04149357283970743,0.0019108747194061819,0.041388572474207234
0.08,2,6.42005199756574e-05,0.0031306710151446327,6.37947336534842e-05,0.0031102775286832216,7.294410678993892e-05,0.0033017106230219563,7.293980040429399e-05,0.003302103705935227
0.082,0,0.007945577725914829,-0.04611849346978329,0.007953052726509029,-0.04603909861706354,0.007922557508343076,-0.04555216436329792,0.007925301925852597,-0.04544177716846854
0.082,1,0.0019837342069526313,0.042759995197571836,0.001976707326169097,0.04270255224894118,0.001997429490144433,0.042017717002018735,0.0019946883485926566,0.0419068145932376
0.082,2,7.068806713254135e-05,0.0033584982722114826,7.023994732191127e-05,0.003336546368122307,8.001300151249725e-05,0.003534447361279165,8.000972555475569e-05,0.003534962575230847
0.084,0,0.00785259190585802,-0.046863307316400156,0.007860220079948766,-0.04678956462655536,0.007829986720429326,-0.046285393956875726,0.007832963581049592,-0.04616917240150343
0.084,1,0.0020697670623941416,0.04326720410848027,0.0020626325300117923,0.04321704339036606,0.0020824467683597915,0.04250863910767934,0.002079471880988356,0.04239176619784985
0.084,2,7.76410317478404e-05,0.0035961032079199094,7.714739003947882e-05,0.003572521236189257,8.756651121088998e-05,0.003776754849196363,8.756453796206268e-05,0.0037774062036534796
0.08600000000000001,0,0.007758140654594143,-0.04758388487990354,0.007765910490230524,-0.04751599790879009,0.007735997264733,-0.04699472784816353,0.007739218315440479,-0.04687263280455667
0.08600000000000001,1,0.002156780291318484,0.043740315903020986,0.002149552951388393,0.04369771297983372,0.0021683788296381146,0.042966030639161726,0.0021651581484220537,0.04284313371684928
0.08600000000000001,2,8.507905408737399e-05,0.0038435689768825713,8.453655838112196e-05,0.0038182849289563397,9.562390562889352e-05,0.004028697209001779,9.562353613747727e-05,0.0040294990877073
0.088,0,0.0076622726771248895,-0.04827999689753059,0.007670172279858953,-0.04821814448858286,0.0076406373853644,-0.047679939684299066,0.00764411441982627,-0.047551947807104616
0.088,1,0.0022447053927204075,0.044179028762021726,0.002237400616009546,0.04414423465458062,0.002255158052926509,0.043389611644196885,0.0022516794538295143,0.04326065270373022
0.088,2,9.302193015470366e-05,0.004100968135508881,9.242710413153944e-05,0.004073909834002212,0.00010420456170909792,0.004290328040102181,0.0001042061263442259,0.004291295103374313
0.09,0,0.007565037117965508,-0.048951433104011136,0.00757305426082882,-0.048895768855577615,0.0075439557430686125,-0.04834082114789354,0.007547700569261482,-0.048206925282393384
0.09,1,0.002333473291705563,0.044583070625605715,0.0023261069258570985,0.04455631107794621,0.0023427163146371374,0.043779130855314034,0.0023389676296551045,0.043644087912795164
0.09,2,0.00010148959032893027,0.004368362478405434,0.00010083881331412125,0.004339457777631377,0.00011332794229425689,0.004561690292579491,0.00011333180108342216,0.004562837369598128
0.092,0,0.007466483523238715,-0.04959800214232889,0.00747460569767488,-0.04954865398123842,0.007446001379207235,-0.04897718193068905,0.007450025786328863,-0.048837391466309214
0.092,1,0.002423014399072635,0.044952199259573694,0.0024156027174029268,0.04493367410117917,0.0024309850461997425,0.044134365781302365,0.00242695409634638,0.04399323334563796
0.092,2,0.00011050207768865136,0.004645802882755205,0.00010979158492223469,0.004614979880059209,0.00012301357459303024,0.004842816149386683,0.0001230201173247645,0.004844158120671165
0.094,0,0.007366661802962957,-0.05021953145288658,0.007374876270508492,-0.05017660131517841,0.007346823679830883,-0.049588849688175944,0.007351139404616695,-0.049443190856084146
0.094,1,0.0025132586710114872,0.04528620229136274,0.0025058183201224736,0.045276084896340545,0.0025198952917411103,0.04445512277068409,0.0025155699208828626,0.04430791226824165
0.094,2,0.00012007952602555763,0.004933329161523846,0.0001193054093690757,0.004900516418837807,0.0001332810284280139,0.005133726917491838,0.00013329067450044933,0.005135278587842399
0.096,0,0.007265622193585994,-0.05081586714253281,0.007273916038082,-0.05077943076111119,0.007246472339879812,-0.050175669975536005,0.007251091032437827,-0.0500241860894342
0.096,1,0.002604135668837388,0.04558489721715706,0.002596683615245199,0.04558333406031488,0.002609377765835753,0.04474123704732151,0.002604745875280816,0.0445879771989765
0.096,2,0.00013024213757662062,0.0052309699253757546,0.00012940034667284083,0.005196096700796244,0.00014414989428444285,0.00543443292821447,0.0001441630922813645,0.005436208890457577
0.098,0,0.007163415220799291,-0.05138687383414077,0.007171775400921326,-0.05135698063274181,0.0071449973275492015,-0.0507375061653052,0.007149930516828318,-0.0505802578047551
0.098,1,0.002695574618710314,0.045848131380443254,0.0026881280946841946,0.04585524168997536,0.002699362911272378,0.04499257271831258,0.0026944124950164508,0.04483330986781748
0.098,2,0.00014101016049039773,0.005538742453697518,0.00014009650439452016,0.005501738942766384,0.00015563976117842802,0.005744933446992591,0.00015565698815523957,0.005746947936937512
0.1,0,0.00706009166267196,-0.051932434497315966,0.007068505064566546,-0.05190910758994572,0.007042448848854852,-0.05127423934717445,0.0070477079078622665,-0.051111304483025456
0.1,1,0.002787504471284417,0.04607578192205033,0.0027800809200873426,0.0460916574285834,0.0027897809567811018,0.045209022754361734,0.002784500137310716,0.045043821147132665
0.1,2,0.0001524038660436249,0.005856652575265648,0.00015141401534615157,0.005817450161362249,0.0001677701943640534,0.006065216592812664,0.00016779195482702493,0.006067483335892669
0.10200000000000001,0,0.006955702513142032,-0.05245245026095874,0.006964156002959525,-0.052435686555614536,0.006938877312434108,-0.051785768210371716,0.006944473423318086,-0.05161724227209028
0.10200000000000001,1,0.0028798539612321767,0.046267755701980315,0.002872470981952608,0.046292460483537454,0.00288056197466679,0.04539050894284406,0.0028749390392195685,0.04521945095442633
0.10200000000000001,2,0.00016444352562579342,0.006184694558978426,0.00016337301508790664,0.006143226072077019,0.0001805607128991086,0.006395259267527616,0.00018058753746235252,0.006397791317663823
0.10400000000000001,0,0.006850298945899009,-0.052946840209381,0.006858779422016837,-0.0529366106135765,0.006834333294615923,-0.05227200890909199,0.006840277413730048,-0.05209800479401891
0.10400000000000001,1,0.0029725516665791707,0.04642398919505151,0.0029652269587502967,0.04645755961561937,0.0029716359382944138,0.045536981813811724,0.0029656593754744678,0.04536016812744991
0.10400000000000001,2,0.00017714938752182312,0.0065228510143295,0.00017599361923290635,0.006479050997957051,0.00019403076708966903,0.006735027095280227,0.00019406321079549026,0.006737836666568873
0.106,0,0.006743932278690533,-0.053415541161778525,0.006752426723425423,-0.05341179088802747,0.006728867504792999,-0.05273289491146291,0.0067351703278575505,-0.052553542936249226
0.106,1,0.003065526067808071,0.04654444835901054,0.0030582773759954443,0.04658689309992051,0.0030629327793728588,0.045648420539222086,0.0030565913160187155,0.045465970272123776
0.106,2,0.00019054165350139876,0.006871092802768002,0.0001892959005791723,0.006824897788106877,0.00020819971583415059,0.007084474372240794,0.0002082383561237409,0.007087572664125324
0.108,0,0.006636653938086868,-0.05385850743647511,0.006645149468697483,-0.05386115640493543,0.006622530751127889,-0.05316837683255521,0.006629202678603056,-0.052983824627246844
0.108,1,0.0031587056066700292,0.04662912847661719,0.0031515506652139303,0.046680428658662496,0.0031543824449842515,0.045724832805696496,0.0031476650831861967,0.04553688358374058
0.108,2,0.0002046404552431057,0.007229378959857937,0.0002032998660886271,0.007180727746272839,0.00022308680388786795,0.007443544026858678,0.0002231322382107532,0.007446941043506157
0.11,0,0.0065285154247296485,-0.054275710600865085,0.006536999343520185,-0.05428465393590642,0.006515373906623959,-0.05357842225196545,0.006522425009408215,-0.05338883459742161
0.11,1,0.00325201874465631,0.0466780539723842,0.003244975222746316,0.04673816336616026,0.0032459149543065478,0.04576625466114792,0.0032388110084700917,0.04557296264194746
0.11,2,0.00021946583061404387,0.0075976566284809,0.00021802543373354146,0.007546490569746054,0.00023871113906950291,0.007812167590817484,0.00023876398212170128,0.007815871955474028
0.112,0,0.006419568279093766,-0.05466713920781182,0.006428028122434756,-0.05468224782502449,0.006407447875590924,-0.05396301551651695,0.006414887861156103,-0.0537685741260554
0.112,1,0.003345394021078643,0.04669127820432077,0.003338479468333987,0.04676012352620684,0.0033374604549778358,0.04577275033564397,0.0033299595888301534,0.04557429018003038
0.112,2,0.00023503769982759253,0.00797586100349106,0.0002334924092313008,0.00792212429881753,0.0002550916694312488,0.008190265180872925,0.0002551525500137511,0.008194283946024903
0.114,0,0.006309864047793353,-0.055032798519123904,0.006318287633878473,-0.0550539197992009,0.006298803560533642,-0.05432215752864073,0.006306641739606093,-0.05412306077500515
0.114,1,0.0034387601107049443,0.046668883230771646,0.0034319919034327476,0.0467463645221911,0.003428949279051635,0.04574441203689949,0.003421041542488249,0.04554097682904759
0.114,2,0.0002513758415017051,0.008363915288352267,0.00024972046268882274,0.008307555277009675,0.0002722471604147311,0.00857774549174118,0.0002723167179056659,0.008582083945957443
0.116,0,0.006199454250450391,-0.05537271021741318,0.006207829725621992,-0.05539966876258914,0.006189491829491616,-0.05465586552101343,0.0061977370833861895,-0.05445232810995161
0.116,1,0.0035320458809072774,0.046610979553764066,0.0035254411691996597,0.04669697064029001,0.0035203119984932754,0.0456813597208199,0.0035119878641630153,0.04547316083738282
0.116,2,0.00026849986864233304,0.008761730663649122,0.0002667291051783928,0.008702698122299003,0.0002901961720151181,0.008974505800193468,0.0002902750524508032,0.008979167272568669
0.11800000000000001,0,0.006088390347147211,-0.05568691210718841,0.006096706230633281,-0.05571951057564227,0.00607956348385553,-0.054964172818042445,0.006088224232566249,-0.054756425409970146
0.11800000000000001,1,0.0036251804482762403,0.046517705839444944,0.0036187561040996533,0.04661205486610746,0.003611479480168361,0.04558374083754239,0.0036027298796956356,0.04537100776631039
0.11800000000000001,2,0.00028642920457655084,0.00916920626774348,0.0002845376652671096,0.009107455709534683,0.00030895703597611803,0.009380431980499978,0.0003090458877381224,0.009385417643659631
0.12,0,0.0059767237064929655,-0.05597545780555581,0.0059849689333983346,-0.05601347781940796,0.005969069226685929,-0.0552471285848008,0.005978153397833844,-0.05503541736620251
0.12,1,0.00371809323464731,0.04638922861526369,0.003711865801079187,0.04649175865516119,0.0037023829402752567,0.04545173005344774,0.0036931993000200065,0.04523471016218507
0.12,2,0.00030518305885972704,0.009586229190292126,0.0003031652655225234,0.009521719164246633,0.00032854783303882395,0.009795398531352969,0.0003286473021461571,0.009800707204017338
0.122,0,0.005864505574315681,-0.05623841642386674,0.005872669536727517,-0.056281619545672984,0.00585805963155788,-0.05550479756402453,0.005867574630293024,-0.055289383770409616
0.122,1,0.0038107140225021275,0.04622574194545837,0.003804699664255095,0.0463362516776478,0.003792953998174536,0.045285528949639504,0.0037833282744317845,0.045064487205888945
0.122,2,0.00032478040318219384,0.010012674478408378,0.00032263079901743465,0.009945367868025048,0.0003489863702675938,0.01021926861438493,0.00034909709527519825,0.010224896564520582
0.124,0,0.0057517870429962745,-0.05647587224106516,0.005759859629075271,-0.05652400101358484,0.005746585111954292,-0.05573725980179455,0.005756537791904656,-0.055518419194183884
0.124,1,0.003902973009703726,0.04602746708531532,0.003897187465067612,0.046145731537943754,0.003883124729569359,0.04508536569741119,0.0038730494431121563,0.04486058434018574
0.124,2,0.00034523994730000087,0.010448405155749844,0.00034295290585716504,0.010378269475640932,0.0003702901584763604,0.010651894104383268,0.00037041276498319433,0.010657834853998053
0.126,0,0.005638619021466346,-0.056687924369382525,0.00564659065239956,-0.05674070341339172,0.005634695891229229,-0.05594461036253247,0.005645092526585462,-0.05572263265959723
0.126,1,0.003994800863515138,0.04579465211445483,0.003989259397847547,0.045920423469327794,0.003972827718991849,0.0448514947112446,0.003962295988863457,0.04462327287564996
0.126,2,0.0003665801150185185,0.0108932722549277,0.00036414994975294076,0.010820279944063786,0.000392476389778936,0.011093115651287766,0.0003926114845510887,0.01109935978394717
0.128,0,0.005525052205888379,-0.056874686413095725,0.005532913870586175,-0.05693182357795489,0.0055224419731613366,-0.056126959033946,0.005533288231981352,-0.055902147302055165
0.128,1,0.004086128773855277,0.04552757154955439,0.00408084613474854,0.045660580004435875,0.004061996111551656,0.04458419627990426,0.004051001688015163,0.044352849575853885
0.128,2,0.00038881902025634553,0.011347114863541336,0.00038623999466533016,0.01127124357351887,0.0004155619152870193,0.01154276275404163,0.0004157100800034911,0.011549297726201188
0.13,0,0.005411137051010202,-0.05703628612174795,0.005418880338461683,-0.05709747368269739,0.005409873113116208,-0.05628443002256417,0.00542117403192911,-0.05605710002612113
0.13,1,0.00417688850578057,0.04522652593843812,0.004171878879996421,0.04536648062198556,0.004150563663904084,0.04428377617621339,0.004139100960460184,0.044049636222510256
0.13,2,0.00041197444320922974,0.011809760183309833,0.00040924078154194125,0.011730993060711688,0.0004395632229797206,0.01200065384635066,0.00043972500761071265,0.012007463803610799
0.132,0,0.005296923742227722,-0.05717286503788513,0.0053045408714174945,-0.05723778093466315,0.005297038789835197,-0.05641716164050557,0.00530879874961898,-0.05618764115506614
0.132,1,0.004267012451122368,0.04489184143463236,0.004262289423408721,0.0450384313703309,0.004238464794396317,0.04395056524611682,0.004226528918782749,0.043713979161281606
0.132,2,0.0004360638066499119,0.012281023603252781,0.00043316970517383134,0.012199349564332095,0.00046449641576849787,0.012466596394388622,0.0004646723315982815,0.012473661993784461
0.134,0,0.005182462168357578,-0.05728457814036653,0.005189946015666114,-0.05735288725136728,0.005183988177866948,-0.05652530598412493,0.005196210881469202,-0.056293934074888606
0.134,1,0.004356433679253266,0.044523869353663384,0.004352010193138647,0.044676764468432655,0.004325634632351629,0.043584918977655096,0.0043132214164407065,0.043346248828979396
0.134,2,0.0004611041523891575,0.012760708786703155,0.0004580437911952864,0.01267612278293449,0.0004903771897814374,0.012940387006469701,0.0004905677020900997,0.01294768524590914
0.136,0,0.005067801895122578,-0.05737159348405868,0.0050751460191493505,-0.05744294893012484,0.005070770120656583,-0.056609028605183104,0.005083458571722127,-0.05637615487353757
0.136,1,0.004445085986955907,0.044122985711913504,0.004440974307598892,0.04428183788485079,0.004412009066452613,0.04318721705049132,0.004399115094966482,0.042946839262887435
0.136,2,0.0004871121179215175,0.013248607772145185,0.0004838796732518039,0.013161111045273918,0.0005172208128908207,0.013421811554691652,0.0005174263333113998,0.01342931561065007
0.138,0,0.004952992139358883,-0.057434091836542814,0.004960190803116803,-0.057508136308549215,0.0049574331043062145,-0.05666850817518474,0.00497058958777001,-0.05643449197605847
0.138,1,0.004532903947355279,0.043689590748514626,0.004529115626521984,0.04385403489538829,0.0044975247921859125,0.04275786286664935,0.004484147430152389,0.04251616759295356
0.138,2,0.000514103913285841,0.0137445010880282,0.0005106935703612588,0.013654101413160794,0.0005450421035078912,0.013910645308535263,0.0005452629820776098,0.01391832438310485
0.14,0,0.004838081743959782,-0.057472266312350515,0.0048451299343916015,-0.0575486334169145,0.004844025232019164,-0.05670393614352528,0.004857651296217277,-0.05646914577636607
0.14,1,0.004619822957865452,0.043224108430515475,0.00461636880111511,0.043393763620035115,0.004582119358312186,0.04229728306313739,0.0045682567771875935,0.042054673517602635
0.14,2,0.0005420952981747674,0.014248157881835047,0.0005385012644933353,0.014154869796879231,0.0005738554096686666,0.014406653080387752,0.0005740919265951363,0.014414472258763373
0.14200000000000002,0,0.0047231191535544,-0.05748632200550973,0.004730012598338981,-0.057564637623076974,0.004730594199238994,-0.056715516390084854,0.004744690639684611,-0.056480328266332584
0.14200000000000002,1,0.004705779287128784,0.042726985942230865,0.004702669323268682,0.042901456539881144,0.004665731212326477,0.04180592700714556,0.004651382414715456,0.041562818763931454
0.14200000000000002,2,0.0005711015593168181,0.014759336063278882,0.0005673180783923838,0.014663181083195665,0.0006036745884345449,0.014909589382939141,0.0006039269455999387,0.014917509502401062
0.14400000000000002,0,0.004608152390905585,-0.05747647562132866,0.004614887572551876,-0.05755635927065079,0.004617187269493191,-0.056703464872901704,0.00463175411435889,-0.056468262662861396
0.14400000000000002,1,0.004790710120946596,0.04219869316015057,0.004787953573779277,0.04237756999468483,0.0047482997448755155,0.041284266274519525,0.004733464587781564,0.0410410865330527
0.14400000000000002,2,0.0006011374881478202,0.015277782461178106,0.000597158853668892,0.015178789275965781,0.0006345129856313089,0.01541919859838203,0.0006347812978595559,0.01542717612980862
0.146,0,0.004493229034062803,-0.05744295510741534,0.0044998032012663345,-0.05752402131113056,0.004503851250950088,-0.05666800927155084,0.004518887748291694,-0.05643318303359795
0.146,1,0.00487455360711446,0.04163972211256809,0.004872158869548947,0.04182258366180187,0.004829765333099965,0.040732794112224406,0.004814444549644284,0.04048998093136061
0.146,2,0.0006322173588227366,0.015803232994847257,0.0006280379291847633,0.015701437649328503,0.0006663834159499614,0.015935215159326284,0.0006666677020640303,0.01594320210223727
0.148,0,0.004378396194247785,-0.057385999284934416,0.004384807370518153,-0.05746785893065066,0.004390632473696395,-0.05660938862684606,0.004406137080447877,-0.05637533392190952
0.148,1,0.004957248899171025,0.04105058642558948,0.004955223509724348,0.04123700001719417,0.004910069382871015,0.04015202488552483,0.004894264602421276,0.039910026388495556
0.148,2,0.0006643549065811887,0.016335412859344953,0.0006599691197575429,0.016230858913456297,0.0006992981434326036,0.016457363741321077,0.0006995983171308582,0.016465307533413888
0.15,0,0.004263700494472026,-0.05730585748059614,0.004269947484050805,-0.057388119172065384,0.0042775767677414485,-0.056527852977474306,0.004293547140504389,-0.05629496997174405
0.15,1,0.005038736199035791,0.04043182075603862,0.005037086820740576,0.04062134377925424,0.004989154369892249,0.039542493510616665,0.004972868136546851,0.039301767062787894
0.15,2,0.0006975633064921827,0.01687403672455754,0.0006929656952086618,0.01676677539281096,0.0007332688623663184,0.01698535946685749,0.0007335847229487705,0.01699320290895608
0.152,0,0.004149188048889438,-0.05720278915982687,0.004155270439983301,-0.05728506055302836,0.004164729441753126,-0.05642366299416108,0.0041811624293984755,-0.056192355552957145
0.152,1,0.005118956798499096,0.039783980211728846,0.0051176892002360985,0.03997616133619427,0.005066963879639159,0.03890475487345521,0.0050501996690167795,0.038665766234964045
0.152,2,0.0007318551526114665,0.017418808948098035,0.000727040359780642,0.017308899216833904,0.0007683066786077298,0.017518908120705744,0.0007686379015847567,0.01752658931799302
0.154,0,0.004034904442892196,-0.0570770635614987,0.004040822608245345,-0.057158952680741164,0.004052135262529217,-0.056297089611954274,0.00406902690062313,-0.05606776438767265
0.154,1,0.005197853119518869,0.03910763975940368,0.0051969721598066594,0.03930202015776163,0.005143442646110224,0.03823938323553254,0.0051262048803985775,0.03800260569089904
0.154,2,0.0007672424375889361,0.017969423802095034,0.0007622052319480385,0.017856932522979343,0.0008044220913605729,0.018057706376421612,0.0008047682189783039,0.018065158696773522
0.156,0,0.003920894713928345,-0.0569289593348969,0.003926649808785771,-0.057010075864032186,0.003939838435206816,-0.0561484136612011,0.0039571839422666896,-0.055921479178219255
0.156,1,0.005275368753335449,0.038403393621551166,0.005274878366567572,0.03859950819205406,0.005218536589364951,0.03754697162736335,0.005200830650586978,0.03731288509420011
0.156,2,0.0008037365327362074,0.01852556571334575,0.0007984718246467015,0.018410567671977934,0.0008416249754282482,0.018601442033837637,0.0008419854071463421,0.018608594084019048
0.158,0,0.003807203333031364,-0.056758764179390186,0.0038127972905589434,-0.05683872072341592,0.003827882584211256,-0.05597792549777957,0.0038456763597923675,-0.05575379123716123
0.158,1,0.0053514484983914964,0.03767185466285109,0.005351351683495414,0.03786923324821816,0.005292192851825839,0.03682813123044425,0.005274025093285789,0.03659722134940547
0.158,2,0.0008413481685771406,0.019086909516539116,0.000835851025945686,0.01896948747519757,0.0008799245639629187,0.01914979426733521,0.0008802985469218535,0.01915656988775567
0.16,0,0.003693874187085882,-0.05656677448689827,0.003699309711292533,-0.0566451877997711,0.003716310734944995,-0.055785924633130986,0.003734546359552536,-0.05556500011991641
0.16,1,0.005426038396978367,0.036913653765989055,0.005426337208521656,0.03711182236582409,0.005364359833322753,0.03608349074845608,0.0053457375891989515,0.035856247956580725
0.16,2,0.0008800874159357519,0.019653120720909235,0.0008743530801858532,0.01953336543394682,0.0009193294317322683,0.019702433884674787,0.0009197160512485246,0.019708752163335612
0.162,0,0.0035809505617983685,-0.05635329498781863,0.003586231118038791,-0.0564297871622626,0.0036051652962157455,-0.05557271936462473,0.0036238355330316767,-0.05535541326042966
0.162,1,0.005499085770637407,0.036129439198270205,0.005499781312352374,0.0363279211717169,0.005434987224859717,0.035313695768482256,0.00541591881791514,0.03509061435809315
0.162,2,0.0009199636675642264,0.020223855789548432,0.0009139875696088774,0.020101865990545517,0.0009598474789245529,0.020259023596142345,0.0009602456490531976,0.020264798902336435
0.164,0,0.0034684751253663913,-0.05611863840072377,0.003473604928510223,-0.056192838016117824,0.003494488043402205,-0.05533862640677019,0.0035135848418109896,-0.055125345610343816
0.164,1,0.00557053925429908,0.03531987596956552,0.005571631674989822,0.03551819322515218,0.005504026041085754,0.03451940811301835,0.0054845207884718205,0.03430098527834031
0.164,2,0.0009609856203345295,0.02079876243115826,0.0009547633964999978,0.020674644790965445,0.0010014859155120564,0.0208192182937517,0.0010018943697172043,0.020824360332003425
0.166,0,0.003356489912845909,-0.055863125086096824,0.003361473913199364,-0.055934668310852545,0.0033843201023546583,-0.055083970523773,0.0034038346032468194,-0.05487511928208493
0.166,1,0.00564034882912644,0.03448564518207832,0.005641837320933237,0.034683319352029056,0.005571428651452852,0.03370130518354914,0.005551496868586233,0.03348804005720582
0.166,2,0.001003161258027652,0.021377479904018507,0.0009966887658674432,0.021251348958823295,0.0010442512461925038,0.02138266534022371,0.001044668528166962,0.021387079224879018
0.168,0,0.003245036311219663,-0.05558708270433579,0.003249880178281169,-0.05565561434952451,0.003274701934026827,-0.05480908416391534,0.0032946244768543155,-0.05460506319625161
0.168,1,0.005708465854021833,0.03362744337231995,0.005710348653037879,0.03382399696903761,0.005637148810045792,0.032860079296469974,0.005616801812542252,0.03265247197800931
0.168,2,0.001046497834758505,0.02195963933201584,0.001039771168680996,0.02183161738048672,0.0010881492559273946,0.02194900486744522,0.0010885737106034465,0.0219525912182422
0.17,0,0.0031341550451364406,-0.0552908458784557,0.003138865149295393,-0.05535602039957516,0.0031656733198343855,-0.054514307096220856,0.00318599345138697,-0.05431551273367249
0.17,1,0.005774843095829978,0.03274598184643708,0.005777117485012983,0.03294093939854164,0.00570114168407005,0.0319964370121277,0.005680391787723676,0.03179498759071221
0.17,2,0.0010910018590335828,0.02254486403201863,0.0010840173656916675,0.022415081001033343,0.0011331849960955803,0.02251787008409301,0.001133614760889367,0.0225205251429602
0.17200000000000001,0,0.0030238861633061246,-0.05497475586175387,0.0030284695556052547,-0.05503623830580112,0.0030572733477346944,-0.05419998604984533,0.003077979832602032,-0.05400680939246925
0.17200000000000001,1,0.0058394347582361806,0.031841986009648285,0.005842097072540878,0.03203487517501906,0.005763363880985561,0.031111098457754807,0.005742224399785943,0.030916306031133725
0.17200000000000001,2,0.0011366790784576954,0.023132769852105595,0.0011294333718539116,0.023001363130781875,0.0011793627712797614,0.023088887592090372,0.001179795767612038,0.023090503361335432
0.17400000000000002,0,0.002914269025576864,-0.0546391602104365,0.0029187334156275846,-0.05469662710597741,0.002949540399021466,-0.053866474356614506,0.0029706212317011597,-0.053679300450436035
0.17400000000000002,1,0.005902196509267819,0.030916194689636113,0.005905242143001237,0.03110654734388327,0.005823773474275696,0.030204796645067148,0.005802258716459792,0.03001715833692421
0.17400000000000002,2,0.0011835344651553172,0.0237229655208004,0.001176024441371223,0.023590079762093954,0.0012266861267028557,0.023661677711547206,0.0012271200518390616,0.02366214211351173
0.176,0,0.0028053422906538623,-0.05428441246160964,0.002809696022828662,-0.05433755264963367,0.0028425121358272476,-0.053514131597109486,0.002863954554435119,-0.05333333863302034
0.176,1,0.005963085507453857,0.029969359455255754,0.0059665089237860396,0.030156712753508536,0.005882330027842276,0.029278276783291368,0.00586045528998186,0.029098286761034188
0.176,2,0.0012315722018922818,0.024315053006353896,0.0012237950533853436,0.02418083989612494,0.0012751578363304915,0.02423585481381796,0.0012755901555830335,0.024235051871986046
0.178,0,0.002697143904450151,-0.05391087181677415,0.0027013959324789375,-0.0539593872204631,0.0027362254893258894,-0.05314332325067935,0.002758015990860792,-0.052969281787163675
0.178,1,0.006022060426634366,0.029002243931095614,0.006025855169192472,0.0291861413412807,0.005938994619019044,0.028332295588383304,0.0059167761781486776,0.028160444083408634
0.178,2,0.0012807956689154833,0.024908627885678554,0.0012727488983286363,0.024773245879182205,0.0013247798916550832,0.024811027662295888,0.0013252078309905432,0.02480883770375495
0.18,0,0.0025897110890647735,-0.05351890283094828,0.002593870949158926,-0.053562509162821875,0.0026307166486264112,-0.05275442034973906,0.0026528410057383217,-0.05258749256123498
0.18,1,0.006079081479395762,0.02801562310846438,0.006083240185882636,0.02819561541449207,0.005993729860197427,0.02736762058919212,0.00597118496399193,0.027204392921625697
0.18,2,0.0013312074315394655,0.025503279722483917,0.0013228888649584839,0.02536689374832961,0.001375553491176177,0.025386799760546797,0.0013759740302697616,0.0253830996396092
0.182,0,0.0024830803323888134,-0.05310887510751224,0.0024871581150076464,-0.05314730251275384,0.0025260210503490334,-0.05234779913868882,0.002548464329555795,-0.05218833809126363
0.182,1,0.006134110439095235,0.027010282653284236,0.006138624856900574,0.027185928926895347,0.0060464999190600645,0.026385029431318038,0.006023646774074306,0.026230905041188676
0.182,2,0.001382809228515953,0.02609859245422801,0.0013742170280918269,0.0259613735858583,0.0014274790305909182,0.02596276970737065,0.0014278888963699117,0.025957433050074866
0.184,0,0.0023772873783203087,-0.052681162998923954,0.002381293698704139,-0.05271415663395166,0.0024221733688734952,-0.051923840737769,0.0024449199501684867,-0.05177218969365416
0.184,1,0.006187110660487363,0.02598701821166348,0.006191971664238727,0.02615788675172658,0.00609727053741887,0.02538530917940331,0.006074128295406643,0.02524076066616851
0.184,2,0.00143560196119233,0.026694144787260485,0.0014267346370571813,0.026556269882224866,0.0014805560937076496,0.02653853155836557,0.0014809517544248827,0.026531429027485565
0.186,0,0.0022723672175368474,-0.05223614531350731,0.0022763131851718044,-0.05226346585904181,0.0023192075072492103,-0.05148293081214248,0.002342241105039407,-0.051339422564539716
0.186,1,0.006238047099047773,0.024946634714403695,0.006243244709947593,0.025112303952001196,0.006146009048656044,0.024369255618587153,0.006122597790988408,0.024234747790881903
0.186,2,0.0014895856834153814,0.02728951059910362,0.00148044210488065,0.02715116190704042,0.0015347834440947604,0.027113675193555207,0.0015351611039721982,0.027104674773657716
0.188,0,0.0021683540788843035,-0.05177420502815538,0.0021722512659945368,-0.05179562913655633,0.002217156588756263,-0.051025459246473476,0.002240460274067594,-0.0508904154859069
0.188,1,0.006286886328815946,0.023889945680009482,0.006292409735783902,0.024050005048879854,0.006192684393767736,0.023337672555845252,0.006169025113974962,0.023213661493277568
0.188,2,0.0015447595922997524,0.02788425934814591,0.0015353389982216067,0.02774562408767628,0.0015901590174760168,0.027687786690628102,0.0015905146119574566,0.02767675399262923
0.19,0,0.0020652814213250404,-0.051295729007166176,0.0020691418305329497,-0.05131104968392894,0.0021160529491057642,-0.05055181982524955,0.002139609172990391,-0.05042555053860114
0.19,1,0.006333596558864485,0.022817772517626123,0.006339434141394264,0.02297182328889294,0.006237267136011584,0.02229137112192377,0.006213381720476341,0.0221783032506894
0.19,2,0.0016011220198104772,0.028477956489540063,0.0015914240280728315,0.028339226395035805,0.0016466799148826682,0.028260448703325662,0.00164700910653328,0.028247247287911656
0.192,0,0.0019631819264369576,-0.050801107727196954,0.0019670179577283213,-0.050810134646828584,0.0020159281292676224,-0.05006240991907075,0.002039718747345795,-0.04994521282229835
0.192,1,0.006378147648389049,0.02173094383036886,0.006384287001032756,0.02187859991080303,0.006279729474160716,0.02123116907456612,0.006255640680993546,0.02112948025860155
0.192,2,0.001658670425173995,0.0290701638968281,0.0016486950412389699,0.02893153473602534,0.0017043423965716778,0.02883124084450453,0.0017046405716606735,0.028815732563696694
0.194,0,0.0018620874914514062,-0.05029073500835076,0.001865911908581291,-0.05029329476511735,0.0019168128689134082,-0.04955763017710721,0.001940819166980783,-0.04944979018250584
0.194,1,0.006420511120420658,0.020630294719717106,0.006426939078812527,0.020771183412874747,0.006320045254368152,0.020157890103718098,0.006295776690499658,0.020068004753055518
0.194,2,0.0017174013881279375,0.029660440288633655,0.0017071490126062303,0.02952211135224239,0.0017631418767184558,0.029399740073389018,0.001763404142519574,0.029381785429450216
0.196,0,0.0017620292228293383,-0.049765007751387424,0.0017658551192917963,-0.04976094404569466,0.0018187371004616006,-0.049037884225903806,0.0018429398210915143,-0.048939672944634374
0.196,1,0.006460660174130721,0.019516666091544704,0.006467362842492986,0.019650428821309938,0.006358189980646921,0.0190723631393839,0.006333766077174287,0.0189946933373141
0.196,2,0.0017773106030399422,0.030248341659842713,0.0017667820382152644,0.030110515224384526,0.001823072918891496,0.02996552108651982,0.0018232941017342144,0.02994497960732017
0.198,0,0.001663037430374286,-0.04922432568105067,0.0016668781950462384,-0.04921349944246323,0.001721729943712224,-0.048503578374688446,0.001746109313781192,-0.048415253655161056
0.198,1,0.006498569695701416,0.018390903964360845,0.0065055324758056445,0.0185171969605941,0.0063941408239725035,0.01797542166279121,0.00636958680980105,0.017910366313381287
0.198,2,0.0018383928739243004,0.030833421716689822,0.0018275893291481626,0.030696302481868932,0.00188412923231529,0.030528156711897157,0.001884303876417774,0.03050488734177968
0.2,0,0.0015651416218301236,-0.048669091095484854,0.0015690109044374176,-0.048651380543626985,0.0016258197010575882,-0.04795512132731805,0.0016503554601214256,-0.04787692682988316
0.2,1,0.0065342162678779315,0.01725385878067228,0.006541423889323166,0.01737235372648694,0.006427876630015521,0.016867903021509065,0.006403218503838972,0.016815847018960658
0.2,2,0.001900642110291947,0.03141523231481257,0.0018895652062394634,0.03127902681713987,0.0019463036689269081,0.031087218305808902,0.0019464260360396192,0.031061079810922414
0.202,0,0.0014683704979641496,-0.04809970862168157,0.00147228217450238,-0.04807500926650527,0.0015310338532556395,-0.047392923900974264,0.0015557052827029397,-0.047325088709243
0.202,1,0.006567578178173669,0.016106384721998476,0.006575014729877646,0.016216769362375708,0.006459377925513815,0.01575064774914638,0.0064346424261798076,0.015711961170418044
0.202,2,0.0019640513238621837,0.0319933238996831,0.00195270309562002,0.03185823990412939,0.002009588221230564,0.0316422761518278,0.0020096522911172685,0.031613127538824864
0.20400000000000001,0,0.0013727519481619578,-0.04751658497690477,0.0013767200863629917,-0.047484809560021636,0.0014373990557522405,-0.046817398751699685,0.0014621850086615693,-0.04676013702068531
0.20400000000000001,1,0.0065986354256323595,0.014949339027922039,0.006606284388535564,0.015051317739695414,0.006488626923294301,0.014624498890243082,0.006463841498604402,0.014599536212296699
0.20400000000000001,2,0.0020286126262056845,0.03256724594898274,0.002016995525101489,0.03243349182032606,0.002073974020953477,0.032192899861456535,0.002073973492734045,0.03216060080838851
0.20600000000000002,0,0.0012783130464847621,-0.04692012873604844,0.001282351871453744,-0.04688120711500061,0.0013449411355385531,-0.04622896010684387,0.001369820067165588,-0.04618247074799074
0.20600000000000002,1,0.006627369726253634,0.01378358132012886,0.006635214007138194,0.013876875643104096,0.006515607525956198,0.013490301330948863,0.006490800299952232,0.013479400673915398
0.20600000000000002,2,0.002094317227261606,0.0331365474159196,0.0020824341214081056,0.03300433147189635,0.002139451338505267,0.032738658775894935,0.0021393796328821953,0.032703070074075254
0.20800000000000002,0,0.0011850800481775453,-0.04631075010479037,0.001189203908321064,-0.04626462908237995,0.0012536850885296184,-0.045628023504467353,0.0012786350873505647,-0.04559248990751177
0.20800000000000002,1,0.006653764517097776,0.012609972931850441,0.006661786483417701,0.012694322061084883,0.006540305328228334,0.012348901136067274,0.006515505067019355,0.012352383533561589
0.20800000000000002,2,0.0021611554347246817,0.03370077717293994,0.002149009608261279,0.03357030702129492,0.0022060095832420667,0.033279122368400006,0.0022058598456300947,0.03324010637395008
0.21,0,0.0010930783866207104,-0.04568886069846201,0.001097301719978219,-0.0456355037994214,0.001163655077450154,-0.045015005539732096,0.0011886538966881222,-0.04499059533122143
0.21,1,0.006677804959069873,0.011429376243343638,0.006685986474700399,0.011504537482629374,0.006562707618014384,0.011201144893024791,0.0065379436942009,0.011219313590772865
0.21,2,0.0022291166543094184,0.03425948445511839,0.0022167118053214277,0.034130966316791855,0.0022736373045354813,0.033813860646707224,0.002273402409110992,0.033771281740448474
0.212,0,0.0010023326707254982,-0.04505487332656495,0.0010066699717997455,-0.04499426052397799,0.0010748744302135813,-0.04439032361828633,0.001099899519775182,-0.04437718845647003
0.212,1,0.006699477938360879,0.010242654024028656,0.006707800400210002,0.010308403200638833,0.006582803376140995,0.010047879063306096,0.006558105731895262,0.010081018847181107
0.212,2,0.0022981893909136243,0.0348122193025363,0.0022855296279902966,0.03468585732333898,0.0023423221936454412,0.034342444554980145,0.0023419947483295698,0.03429616960928882
0.214,0,0.0009128666827734595,-0.04440920178286442,0.0009173324699392603,-0.04434132917685221,0.0009873656387803156,-0.043754395716633025,0.0010123941775305211,-0.04375267112233037
0.214,1,0.006718772066523044,0.009050668781906373,0.006727216441984912,0.009106800622660968,0.006600583274824752,0.008889949341877852,0.00657598238368801,0.008938325896373963
0.214,2,0.002368361250703499,0.03535853300095805,0.0023554510880758727,0.03523452855419107,0.0024120510863949516,0.03486444637475508,0.0024116234387814837,0.03481434522595631
0.216,0,0.0008247033766646295,-0.0437522606408697,0.0008293121602544509,-0.04367714009225516,0.0009011503584814114,-0.04310764014945206,0.0009261592867857231,-0.04311744537239912
0.216,1,0.006735677679267352,0.007854282120744977,0.006744224544424799,0.007900610589560807,0.006616039674874959,0.007728200025103702,0.006591566502334428,0.007792059323208624
0.216,2,0.00243961894406802,0.035897978520124725,0.002426463295320794,0.035776529502694186,0.0024828099666436474,0.03537944012434827,0.002482274210879865,0.03532538604919043
0.218,0,0.000737864876514682,-0.043084465054403095,0.0007426311277230559,-0.04300212377635408,0.0008162494077937544,-0.042450475343828585,0.0008412154602579047,-0.042471913263909165
0.218,1,0.006750186834152068,0.0066543541053968374,0.006758816412482969,0.006690712702704159,0.006629166621650226,0.006563473387633584,0.006604852584560415,0.006643041112992799
0.218,2,0.0025119482893332518,0.036430110949006264,0.002498552459794019,0.03631141107364975,0.002554583970556038,0.0358870019561949,0.002553931955181697,0.035828872150916305
0.22,0,0.0006523724757199825,-0.042406230563540676,0.0006573105963336922,-0.04231671067387309,0.0007326827685531095,-0.041783319620322425,0.0007575825068919119,-0.041816476682996345
0.22,1,0.006762293306784543,0.005451742636215527,0.0067709855085220485,0.005477984660211651,0.0066399598397876855,0.005396609068730032,0.006615836764702268,0.005492090070927347
0.22,2,0.002585334217495475,0.03695448792732515,0.002571703895144302,0.036838726013661255,0.002627357391659223,0.03638671055159229,0.002626580728405835,0.03632438661206893
0.222,0,0.0005682466363710899,-0.04171797290544683,0.0005733709294354699,-0.041621330942689896,0.0006504695865915153,-0.04110659098079711,0.0006752794325600048,-0.041151537165953614
0.222,1,0.006771992585886249,0.004247302832761171,0.0067807270478517185,0.004263301602820222,0.006648416726724633,0.004228443468473778,0.006624516807206637,0.004340021252184492
0.222,2,0.002659760777742661,0.03747067007268565,0.002645902022712853,0.037358029339869474,0.002701113686683871,0.03687814751232323,0.0027002037602333736,0.03681151591376905
0.224,0,0.00048550698904099984,-0.04102010783004536,0.0004908316305304828,-0.04091641423635043,0.0005696281727856934,-0.04042070690291096,0.0005943244411074124,-0.04047749572629614
0.224,1,0.006779281867130891,0.003041886427319197,0.0067880379929682,0.003047535469867474,0.006654536345033173,0.0030598091542699928,0.006630892098012589,0.0031876454029747007
0.224,2,0.0027352111438281096,0.03797822140272616,0.0027211303765013566,0.03786887876648275,0.0027758354821811517,0.03736089774864089,0.002774783460880016,0.03728985032332136
0.226,0,0.00040417233293617164,-0.040313050920377624,0.0004097113444934319,-0.04020238949440281,0.0004901760045033773,-0.03972608414115806,0.000514734935732509,-0.03979475268745171
0.226,1,0.006784160045784348,0.0018363411687333684,0.006792917046516248,0.0018315543658921634,0.006658319413589283,0.0018915342780554897,0.0066349636348384585,0.0020357684129344274
0.226,2,0.002811667621279482,0.03847670975164426,0.0027973716089903576,0.03837083512851043,0.0028515045819073573,0.037834549863102515,0.0028503014294290504,0.03775898427451722
0.228,0,0.00032426063640967695,-0.039597217417548305,0.0003300278592028588,-0.03947968474043251,0.0004121297274347129,-0.039023138534332286,0.0004365275206907408,-0.03910370752088399
0.228,1,0.006786627708139807,0.00063151023713621,0.006795364642995356,0.0006162219383217476,0.006659768297598455,0.0007244420045858648,0.0066367340163967494,0.0008851907791457536
0.228,2,0.0028891116554505174,0.0389657071804121,0.002874607497801823,0.038863462802110546,0.0029281019749668505,0.03829869652974636,0.002926738462912526,0.03821851674173821
0.23,0,0.00024578903782516526,-0.03887302205008867,0.00025179810756871936,-0.03874872688766194,0.0003355051577961636,-0.03831228481927466,0.0003597180033118434,-0.038404758689448724
0.23,1,0.006786687121776266,-0.000571768330007437,0.0067953829392327905,-0.0005976032333048883,0.006658886997500776,-0.0004406500488399417,0.0066362074305609045,-0.0002632929179221511
0.23,2,0.00296752384039857,0.03944479038009611,0.002952818953198527,0.03934633012096661,0.00300560784470308,0.03875293486811452,0.003004074566127268,0.03866805160737084
0.232,0,0.00016877384673395402,-0.03814087886738678,0.00017503816994132178,-0.038009941551960205,0.0002603172848946603,-0.037593936450751694,0.00028432139632028885,-0.037698303495777276
0.232,1,0.006784342224757167,-0.0017726622005706958,0.00679297580364698,-0.0018090682361545627,0.006655681136779012,-0.001602930360881791,0.006633389641508343,-0.0014088945262811252
0.232,2,0.00304688392850888,0.03991354106795747,0.0030319860264117356,0.03981900978811454,0.0030840015783263467,0.039196866811633396,0.0030822889621713854,0.03910719802205836
0.234,0,9.323054540418492e-05,-0.03740120107732002,9.976327688697605e-05,-0.03726375287209131,0.00018658027404005865,-0.03686850542730083,0.00021035192044933376,-0.036984737935477525
0.234,1,0.006779598613642738,-0.002970345298069869,0.006788148804325549,-0.0030173264105551917,0.006650157948693867,-0.0027615940425730905,0.006628287975864634,-0.0025508328218542746
0.234,2,0.0031271708409530787,0.04037154637538988,0.0031120879187875126,0.04028107928264628,0.003163261777266094,0.03963009946987384,0.003161360103686049,0.03953557075733177
0.23600000000000002,0,1.9173790664289833e-05,-0.0366544008877479,2.5987812316063265e-05,-0.03651058333701396,0.00011430746979432181,-0.03613640212286843,0.00013782300733945874,-0.03626445655493754
0.23600000000000002,1,0.006772463530434677,-0.004163998339637002,0.006780909195943126,-0.0042215379237115205,0.006642326261971156,-0.0039158433613557956,0.00662091130787415,-0.00368833399524228
0.23600000000000002,2,0.0032083626789010337,0.040818399227384894,0.0031931029917408493,0.040732121260725264,0.0032433662682345423,0.040052245484224154,0.0032412656847864087,0.03995279055017979
0.23800000000000002,0,-5.338258394362125e-05,-0.03590088935169675,-4.627468305037907e-05,-0.03575085362003084,4.351139954620941e-05,-0.03539803512405621,6.67473027124298e-05,-0.03553785231351448
0.23800000000000002,1,0.006762945848467505,-0.005352809361334005,0.006771265905544759,-0.005420870330327097,0.006632196485466225,-0.005064888252465173,0.006611270043622906,-0.004820632125620846
0.23800000000000002,2,0.0032904367354761174,0.041253698713030744,0.0032750087775056578,0.041171723950357716,0.0033242921149875854,0.040462923376521305,0.00332198265366468,0.0403584844391353
0.24,0,-0.00012442556570563994,-0.03514107621608774,-0.00011701150788904101,-0.03498498241957157,-2.5796222599356918e-05,-0.034653811072783175,-2.863330187348549e-06,-0.034805316449889205
0.24,1,0.006751056057267219,-0.006535974230449532,0.006759229517221462,-0.006614499119802371,0.006619780591831394,-0.006207946817415606,0.006599376104339737,-0.005946969641585504
0.24,2,0.0033733695084384226,0.041677050446537266,0.0033577819906676167,0.04159948153937372,0.003406015630767983,0.04086175789019869,0.0034034872258476285,0.040752286091474674
0.242,0,-0.00019394295997276752,-0.03437536977391168,-0.00018621079617073434,-0.03421338630638094,-9.360449162768169e-05,-0.03390413451416239,-7.099780689207931e-05,-0.03406723835236538
0.242,1,0.00673680624637952,-0.007712697144297115,0.006744812255705029,-0.007801608249702968,0.006605092100212674,-0.0073442458093605075,0.006585242908802176,-0.007066597768781025
0.242,2,0.0034571367135932496,0.042088066918208794,0.003441398540465743,0.04201499455608369,0.003488512391415029,0.04124838032352279,0.003485754898089921,0.04113383612114637
0.244,0,-0.00026192338710033633,-0.033604176719674556,-0.00025386151275736936,-0.033436479576872284,-0.00015990330712645188,-0.033149407749385094,-0.00013764581775786225,-0.033324005432891456
0.244,1,0.006720210088197435,-0.008882191115258063,0.0067280279689098995,-0.008981390665216252,0.006588146058002433,-0.008473021105121051,0.00656888535487383,-0.0081787769641735
0.244,2,0.0035417132989029026,0.04248636783493262,0.0035258335438475086,0.04241787024208832,0.0035717572491240413,0.041622428854506045,0.0035687604628840508,0.04150278239706493
0.246,0,-0.00032835627912156605,-0.032827902007710644,-0.00031995344871159554,-0.032654674112395324,-0.00022468336851324956,-0.032390030693398845,-0.00020279782376703031,-0.03257600300458403
0.246,1,0.006701282819898142,-0.010043678442486739,0.006708892109450321,-0.01015304880433861,0.006568959021675034,-0.009593518163699967,0.006550319800200143,-0.00928277733684388
0.246,2,0.003627073459223426,0.042871580450197386,0.0036110613392613127,0.04280772291673372,0.0036557243468382386,0.04198354885709871,0.0036524780235669078,0.041858780341427884
0.248,0,-0.00039323187612173366,-0.032046948713563436,-0.0003844772163306765,-0.03186837924415869,-0.0002879361699875722,-0.031626400737161345,-0.0002664450520920944,-0.03182361416253205
0.248,1,0.006680041224389362,-0.011196391169060842,0.00668742171516162,-0.011315795088559953,0.006547549036732797,-0.010704992471118058,0.0065295640420897395,-0.010377879055202158
0.248,2,0.0037131906517323724,0.04324333988262427,0.0036970555011690957,0.04318417433271843,0.0037403871332547974,0.042331393208279305,0.003736881010002377,0.0422014932177342
0.25,0,-0.0004565412223433022,-0.03126171789805313,-0.0004474242439156413,-0.03107800162353864,-0.0003496539952160683,-0.030858912614248075,-0.00032857949142742156,-0.031067219667663556
0.25,1,0.006656503610373497,-0.012339571524991676,0.006663635388654765,-0.012468852398836161,0.006523935616789933,-0.011806709971432218,0.006506637296608656,-0.011463372740541591
0.25,2,0.0038000376119698065,0.0436012894230448,0.0037837888552609156,0.043546854022374584,0.003825718378426157,0.04266562258568019,0.0038219421948187875,0.04253059240820513
0.252,0,-0.0005182761620244559,-0.030472608473877606,-0.0005087867702862117,-0.03028394509749903,-0.0004098299117592452,-0.030087958271588437,-0.000389193887094338,-0.030307197833458206
0.252,1,0.006630689791547931,-0.013472472355906826,0.0066375532759338695,-0.013611454536664073,0.006498139721822303,-0.012897947483814788,0.006481560176914912,-0.012538559846872195
0.252,2,0.0038875863704765272,0.043945080829784426,0.0038712334943523793,0.04389539963416289,0.0039116901899369635,0.042985905755403134,0.003907633710179448,0.04284575768033039
0.254,0,-0.0005784293349738489,-0.02968001707461489,-0.0005685578390514448,-0.029486610588841063,-0.0004684577652474524,-0.02931392674410358,-0.0004482817359249242,-0.029543924415293143
0.254,1,0.0066026210649647995,-0.01459435753720962,0.006609197044106576,-0.014742846670097664,0.006470183735611115,-0.013977993105594607,0.006454354670860929,-0.013602753026992402
0.254,2,0.0039758082700090515,0.044274374611824506,0.003959360794944908,0.04422945725893851,0.003998274029636361,0.04329191984969811,0.00399392706506402,0.04314667744228553
0.256,0,-0.0006369941718801717,-0.02888433792604966,-0.0006267312926454694,-0.028686395980996943,-0.0005255321733134876,-0.028537204033017606,-0.0005058372809293495,-0.02877777250221266
0.256,1,0.00657232018855994,-0.015704502373382594,0.0065785898582175605,-0.015862285764567552,0.006440091442408755,-0.01504614660118069,0.006425044117891376,-0.01465527648477682
0.256,2,0.004064673983320234,0.04458884029943226,0.004048141434427948,0.044548681745564284,0.004085440730904756,0.04358335063419822,0.004080793163037997,0.04343304898698948
0.258,0,-0.0006939648893662879,-0.028085962719605253,-0.0006833017661371103,-0.027883696007077925,-0.0005810485192887159,-0.027758172987614148,-0.0005618555057511839,-0.028009112410917244
0.258,1,0.0065398113578968775,-0.016802193982533926,0.006545756357235732,-0.016969040998389622,0.006407888002855136,-0.016101719776809412,0.006393653185264021,-0.015695466313676944
0.258,2,0.004154153531469412,0.044888156702139186,0.004137545408901415,0.044852737005467325,0.004173160516433603,0.0438598927644235,0.004168202320487185,0.0437045787245942
0.26,0,-0.0007493364848034446,-0.027285280487590623,-0.0007382646808216213,-0.027078902142884737,-0.0006350029456691377,-0.0269772131902109,-0.0006163321289147285,-0.02723831158177232
0.26,1,0.006505120182192163,-0.017886731666568793,0.006510722629225772,-0.018062394162871614,0.006373599929172983,-0.017144036841075766,0.006360207843621122,-0.016722670821450014
0.26,2,0.004244216302611284,0.045172012154159426,0.004227542051595887,0.04514129630575614,0.004261403016496173,0.044121250031286606,0.004256124285293629,0.04396098240322235
0.262,0,-0.0008031047308650922,-0.02648267748041481,-0.0007916162376021562,-0.026272402503587075,-0.0006873923473573902,-0.026194700844126298,-0.0006692635978680144,-0.026465734476642952
0.262,1,0.006468273659575164,-0.018957427266073336,0.0064735161857349295,-0.019141640046949484,0.006337255059670526,-0.01817243475122865,0.006324735341938824,-0.01773625084114907
0.262,2,0.0043348310712899305,0.04544010474648816,0.004318100051867264,0.04541404255053636,0.004350137287686883,0.04436713559535489,0.004344528255929213,0.04420198531779205
0.264,0,-0.0008552661698410088,-0.025678537045428308,-0.0008433534101680242,-0.025464581743778775,-0.0007382143646862211,-0.025411008664415476,-0.0007206470828247482,-0.02569174247836687
0.264,1,0.006429300151666358,-0.020013605500513336,0.00643416593542606,-0.020206086806307897,0.006298882532580069,-0.019186263545228992,0.0062872641818819755,-0.01873558002842473
0.264,2,0.004425966018174653,0.04569214254594166,0.004409187474742003,0.04567066855008647,0.004439331832106172,0.04459727220964442,0.0044333829009427965,0.04442732250679164
0.266,0,-0.0009058181077132561,-0.024873239507255222,-0.0008934739379761865,-0.02465582096061611,-0.0007874673762285324,-0.024626505771155667,-0.0007704804704081179,-0.02491669379168487
0.266,1,0.00638822935749725,-0.021054604293756312,0.006392702156987951,-0.021255056316961424,0.0062585127592608945,-0.020184886659587876,0.006247824091591565,-0.01972004514520613
0.266,2,0.004517588750216008,0.04592784380101155,0.004500771780988273,0.04591087727757733,0.0045289546169676575,0.04481139243074351,0.00452265637881658,0.044636738936891046
0.268,0,-0.0009547586079942598,-0.024067162049530126,-0.0009419763190418713,-0.023846497599749047,-0.0008351504913986642,-0.023841557585065853,-0.0008187623570990281,-0.024140943345455145
0.268,1,0.006345092286794392,-0.02207977508485552,0.006349156471354045,-0.022287884513294675,0.006216177396794856,-0.02116768123301999,0.006206445998931875,-0.020689046329844713
0.268,2,0.004609666321199869,0.04614693713438566,0.004592819847687864,0.046134382113043534,0.004618973094603829,0.045009238818085814,0.004612316358167179,0.04482998967529991
0.27,0,-0.001002086485324361,-0.023260678597999896,-0.0009888598025436035,-0.02303698536375793,-0.0008812635428491646,-0.0230565257252502,-0.0008654920424909993,-0.02336484269598549
0.27,1,0.006299921232640785,-0.023088483123908092,0.006303561813260577,-0.023303921710581134,0.006171909320002927,-0.02213403839596498,0.0061631620042242345,-0.021641997353820535
0.27,2,0.004702165252683577,0.046349161721908,0.004685297989283064,0.04634090707433889,0.004709354222846261,0.045190564121215165,0.00470233003826679,0.04500684004980608
0.272,0,-0.0010478012988371014,-0.022454159704778653,-0.0010341243812473787,-0.022227654122812916,-0.0009258070786668868,-0.022271767908861047,-0.0009106695223536505,-0.022588739931325635
0.272,1,0.0062527497435610445,-0.024080107753342603,0.006255952402175203,-0.024302532912021047,0.006125742592910836,-0.023083363546046367,0.006118005352493983,-0.02257832586512574
0.272,2,0.0047950515552760585,0.04653426745812127,0.0047781719790722125,0.04653018703483379,0.0048000644857560774,0.0453551314549074,0.004792664169859694,0.045167065796451446
0.274,0,-0.001091903345304865,-0.021647972433481256,-0.0010777707837541447,-0.021418869827278305,-0.0009687823543718536,-0.021487637852483407,-0.0009542954815063914,-0.02181297957637039
0.274,1,0.006203612595090673,-0.02505404267526669,0.006206363712626953,-0.025283098100359253,0.00607771243969173,-0.02401507660955404,0.006071010405257072,-0.02349747361845461
0.274,2,0.004888290750214193,0.04670201510874796,0.0048714070711272294,0.04670196792763738,0.0048910699146801516,0.04550271446203743,0.0048832850762493465,0.04531045319482507
0.276,0,-0.0011343936520431222,-0.020842480245492484,-0.0011198004665742118,-0.02061099442199031,-0.001010191324721955,-0.02070448517505063,-0.000996371286503658,-0.021037902498633212
0.276,1,0.0061525457607872515,-0.026009696203889085,0.006154832443968315,-0.02624501251416363,0.006027855215113626,-0.024928612289052132,0.006022212611872386,-0.024398896692343342
0.276,2,0.004981847891255872,0.04685217644938159,0.004964968022605934,0.046856006936153764,0.004982336109608358,0.04563309746410275,0.004974158674631302,0.04543679919097664
0.278,0,-0.00117527396959229,-0.02003804288701591,-0.0011602156060316702,-0.01980438576194419,-0.001050036635326172,-0.019922655302108544,-0.0010368989781327758,-0.020263845814558847
0.278,1,0.006099586382764314,-0.026946491503970875,0.006101396489600026,-0.02718768690886388,0.005976208374519168,-0.02582342029722943,0.005971648480485553,-0.025282065693416216
0.278,2,0.0050756875868279774,0.04698453439098681,0.005058819116431682,0.04699207267080788,0.005073828260807034,0.045746075599337965,0.005065250497647252,0.045545911507975136
0.28,0,-0.0012145467641766021,-0.01923501627681841,-0.0011990190900013763,-0.018999397529134678,-0.0010883216140686806,-0.01914248937125428,-0.0010758812637252824,-0.01949114279625338
0.28,1,0.006044772741767523,-0.027863866815422817,0.006046094905688912,-0.02811054780266916,0.00592281044336492,-0.026698965577123854,0.005919355548589737,-0.02614646594790718
0.28,2,0.005169774022409081,0.04709888309224126,0.005152924184312502,0.04710994533180363,0.005165511170703791,0.04584145494837814,0.0051565257151355735,0.045637608744160646
0.28200000000000003,0,-0.0012522152099395955,-0.0184337523946197,-0.0012362145094805697,-0.018196379150302897,-0.0011250502623458508,-0.018364324138584888,-0.0011133215092823218,-0.018720122778519543
0.28200000000000003,1,0.005988144226816685,-0.028761275664158002,0.005988967879408921,-0.02901303770750103,0.005867700986347185,-0.02755472850886696,0.005865372353228462,-0.02699159768063796
0.28200000000000003,2,0.005264070983122911,0.04719502805877773,0.005247246630071686,0.04720941685780371,0.0052573492759986976,0.04591905264745185,0.0052479491560538894,0.045711720459157605
0.28400000000000003,0,-0.0012882831809529138,-0.017634599170132305,-0.0012718061499966875,-0.017395675715352776,-0.001160227246117853,-0.017588491886000996,-0.0011492237314145125,-0.017951111066095277
0.28400000000000003,1,0.005929741304428974,-0.029638187059152908,0.005930056696735132,-0.029894615345095497,0.005810920576140972,-0.028390205103107243,0.005809738400865171,-0.02781697618164485
0.28400000000000003,2,0.005358541876523941,0.04727278622928524,0.005341749453261595,0.04729029106044804,0.005349306669976913,0.04597869698910825,0.005339485330549369,0.04576808724774024
0.28600000000000003,0,-0.0013227552430009068,-0.016837900372648353,-0.0013057989828524953,-0.01659762789621087,-0.0011938578867762947,-0.016815320329220777,-0.0011835925890965196,-0.01718442884100356
0.28600000000000003,1,0.0058696054874540675,-0.03049408567601568,0.005869403709820257,-0.030754755848444577,0.005752510761778403,-0.029204907181284222,0.005752494136943857,-0.028622131960656976
0.28600000000000003,2,0.005453149755546841,0.04733198604866406,0.005436395273032276,0.0473523837446552,0.005441347124997923,0.046020227510505024,0.005431098452152692,0.045806560801660644
0.28800000000000003,0,-0.0013556366451580224,-0.016043995500804306,-0.0013381986562092006,-0.015802571865915042,-0.0012259481518290352,-0.016045132526370378,-0.0012164333752363837,-0.016420393069931923
0.28800000000000003,1,0.005807779303590346,-0.03132847202825691,0.0058070523039827635,-0.031592950948763805,0.005692514036692531,-0.02999836254293693,0.005693680915164582,-0.029406610889638408
0.28800000000000003,2,0.005547857341567678,0.047372467529061234,0.0055311463522264735,0.047395522814678605,0.005533434115136537,0.04604349506930734,0.005522752460071834,0.04582700395957044
0.29,0,-0.001386933311133686,-0.015253219672948994,-0.001369011486007802,-0.01501083921772974,-0.0012565046454030915,-0.015278246787028191,-0.0012477520080595248,-0.015659316411570538
0.29,1,0.005744306263537752,-0.0321408626250147,0.005743046864335379,-0.03240870914818736,0.0056309738064520476,-0.030770115120242063,0.005633340966497352,-0.030169974333615627
0.29,2,0.005642627047595935,0.04739408229796372,0.005625964621672459,0.04741954836591688,0.005625530838951078,0.0460483619072703,0.005614411041562207,0.04582929074518628
0.292,0,-0.0014166518304013617,-0.01446590351777466,-0.0013982444467285366,-0.014222756884098542,-0.0012855345985663155,-0.014514976581611893,-0.0012775550223072213,-0.01490150712384817
0.292,1,0.0056792308288574275,-0.03293079011642524,0.005677432742082283,-0.03320155587840695,0.005567934356212074,-0.03151972511998747,0.005571517367957312,-0.030911799270020038
0.292,2,0.005737421001543935,0.04739669363419992,0.005720811704646291,0.047424312762505264,0.005717600242354276,0.0460347017015994,0.005706037654349943,0.04581330639386834
0.294,0,-0.0014447994491108079,-0.013682373065175338,-0.0014259051619879236,-0.013438647055258358,-0.0013130458594683343,-0.013755630451009186,-0.0013058495602492537,-0.01414726897101617
0.294,1,0.005612598379556323,-0.03369780342685547,0.005610256220512895,-0.03397103364548429,0.005503440817905681,-0.03224676915319673,0.005508254011163748,-0.03163167839678275
0.294,2,0.005832201069554487,0.04738017649203083,0.005815648941475064,0.04740968070074243,0.005809605041562691,0.046002399604205955,0.005797595549085541,0.04577894736779905
0.296,0,-0.001471384060783649,-0.012902949637305074,-0.0014520018949725612,-0.012658827097353866,-0.001339046883301065,-0.013000511916365348,-0.0013326433625103357,-0.013396901130541093
0.296,1,0.005544455181419964,-0.034441467876283396,0.005541564480719666,-0.034716702161080124,0.00543753913720042,-0.03295084035262985,0.005443595570704898,-0.03232922022942556
0.296,2,0.0059269288793636875,0.04734441751358849,0.005910437414252929,0.047375529258433774,0.005901507746100682,0.04595135226899524,0.005889047791805474,0.04572612135996677
0.298,0,-0.0014964141967890158,-0.012127949739891303,-0.001476543538708528,-0.011883609469905387,-0.001363546722078972,-0.012249919388953295,-0.0013579447587098905,-0.012650698099777402
0.298,1,0.005474848353109193,-0.03516136528988997,0.005471405567066783,-0.03543813846035472,0.005370276040243634,-0.03363154847839341,0.005377587472330103,-0.03300404918739818
0.298,2,0.006021565843679824,0.047289315029781294,0.006005137971641778,0.047321747930259894,0.005993270681835377,0.04588146786734675,0.005980357286379826,0.04565474728717571
0.3,0,-0.0015198990165970168,-0.01135768495383559,-0.0014995396061649666,-0.01111330164249877,-0.0013865550142391008,-0.011504146080064497,-0.0013817626579146953,-0.011908949602402335
0.3,1,0.005403825833038677,-0.035857094095996696,0.005399828352436171,-0.03613493700680637,0.005301699000219832,-0.03428852001190158,0.005310275860990269,-0.03365580566991681
0.3,2,0.006116073183558342,0.0472147790498323,0.0060997112537288295,0.04724823864930492,0.0060848560140193105,0.04579266609196613,0.006071486796924466,0.0455647552723193
