node_index,position_nm,domain,is_free_dof,classical_displacement_nm,vqls_displacement_nm,absolute_error_nm
0,0.0,MD,0,0.0,0.0,0.0
1,1.0,MD,1,0.050318102949725926,0.053805771399567694,0.0034876684498417673
2,2.0,MD,1,0.10063620589945187,0.10761893974087458,0.006982733841422714
3,3.0,MD,1,0.1509543088491778,0.1614359632938085,0.0104816544446307
4,4.0,MD,1,0.20127241179890373,0.21523535265493055,0.013962940856026812
5,5.0,MD,1,0.25159051474862965,0.2690420167171748,0.01745150196854517
6,6.0,MD,1,0.3019086176983556,0.32284294564862476,0.02093432795026917
7,7.0,MD,1,0.3522267206480815,0.3766542390008149,0.02442751835273338
8,8.0,MD,1,0.4025448235978075,0.4304669340114206,0.027922110413613088
9,9.0,MD,1,0.4528629265475336,0.4842478353047278,0.03138490875719424
10,10.0,MD,1,0.5031810294972595,0.5380530190913558,0.03487198959409632
11,11.0,MD,1,0.5534991324469855,0.5918855981586324,0.038386465711646944
12,12.0,MD,1,0.6038172353967114,0.6457054549112334,0.04188821951452204
13,13.0,MD,1,0.6541353383464373,0.6994431809511767,0.04530784260473941
14,14.0,MD,1,0.7044534412961632,0.7532694826673372,0.04881604137117401
15,15.0,MD,1,0.754771544245889,0.8070716670452925,0.05230012279940355
16,16.0,MD,1,0.8050896471956148,0.8609098252182806,0.05582017802266581
17,17.0,MD,1,0.8554077501453409,0.9147237764929277,0.059316026347586814
18,18.0,MD,1,0.9057258530950668,0.9685706180019994,0.06284476490693258
19,19.0,MD,1,0.9560439560447928,1.0223947849613904,0.0663508289165976
20,20.0,MD,1,1.0063620589945186,1.076214273248223,0.06985221425370436
21,21.0,MD,1,1.0566801619442443,1.13005426276194,0.0733741008176958
22,22.0,MD,1,1.10699826489397,1.1838359140031856,0.07683764910921553
23,23.0,MD,1,1.1573163678436957,1.2376300423839217,0.08031367454022598
24,24.0,MD,1,1.2076344707934215,1.291464167636285,0.08382969684286357
25,25.0,MD,1,1.2579525737431472,1.3452954680553375,0.08734289431219033
26,26.0,MD,1,1.308270676692873,1.3991043186156136,0.09083364192274068
27,27.0,MD,1,1.3585887796425986,1.452936919499437,0.09434813985683843
28,28.0,MD,1,1.408906882592324,1.5067750536524889,0.09786817106016477
29,29.0,MD,1,1.4592249855420498,1.5605910625556598,0.10136607701361
30,30.0,MD,1,1.5095430884917755,1.6143813616179523,0.10483827312617677
31,31.0,MD,1,1.5598611914415013,1.6681624574464333,0.10830126600493206
32,32.0,MD,1,1.610179294391227,1.7219471380845301,0.11176784369330317
33,33.0,MD,1,1.6604973973409525,1.775758192896708,0.11526079555575564
34,34.0,MD,1,1.710815500290678,1.8295741320308958,0.11875863174021783
35,35.0,MD,1,1.7611336032404037,1.883402627612197,0.12226902437179321
36,36.0,MD,1,1.8114517061901292,1.9372236060020513,0.12577189981192216
37,37.0,MD,1,1.8617698091398547,1.9910460177384586,0.1292762085986039
38,38.0,MD,1,1.9120879120895804,2.044853521727701,0.13276560963812045
39,39.0,MD,1,1.9624060150393063,2.0986516310172463,0.13624561597793994
40,40.0,MD,1,2.0127241179890323,2.152464921845355,0.1397408038563226
41,41.0,MD,1,2.063042220938758,2.2062828286076925,0.14324060766893432
42,42.0,MD,1,2.1133603238884846,2.2601195765333975,0.14675925264491285
43,43.0,MD,1,2.163678426838211,2.313955403446677,0.15027697660846595
44,44.0,MD,1,2.213996529787937,2.3677951337102887,0.15379860392235178
45,45.0,MD,1,2.2643146327376633,2.4216294008890036,0.15731476815134027
46,46.0,MD,1,2.3146327356873897,2.475437760061264,0.16080502437387434
47,47.0,MD,1,2.364950838637116,2.5292423707369904,0.16429153209987435
48,48.0,MD,1,2.415268941586842,2.5830671577247233,0.16779821613788126
49,49.0,MD,1,2.465587044536568,2.6368813937938005,0.17129434925723253
50,50.0,MD,1,2.515905147486294,2.690684002044968,0.17477885455867392
51,51.0,MD,1,2.56622325043602,2.7444873013918154,0.17826405095579556
52,52.0,MD,1,2.616541353385746,2.7983060111492164,0.18176465776347062
53,53.0,MD,1,2.6668594563354713,2.8521209683354356,0.18526151199996432
54,54.0,MD,1,2.717177559285197,2.905921732066042,0.188744172780845
55,55.0,MD,1,2.767495662234923,2.9597294035927653,0.1922337413578421
56,56.0,MD,1,2.8178137651846495,3.013544270424379,0.19573050523972935
57,57.0,MD,1,2.868131868134376,3.0673559611612595,0.1992240930268836
58,58.0,MD,1,2.9184499710841023,3.1211727863358267,0.20272281525172442
59,59.0,MD,1,2.9687680740338287,3.174967431310951,0.20619935727712235
60,60.0,MD,1,3.019086176983555,3.2287790327512225,0.20969285576766739
61,61.0,MD,1,3.0694042799332815,3.282587319714781,0.21318303978149933
62,62.0,MD,1,3.119722382883008,3.33638352249173,0.21666113960872213
63,63.0,MD,1,3.170040485832734,3.39019380049439,0.2201533146616561
64,64.0,MD,1,3.22035858878246,3.4440185904742746,0.22366000169181444
65,65.0,MD,1,3.2706766917321866,3.4978220562193294,0.22714536448714284
66,66.0,MD,1,3.320994794681913,3.551649143913164,0.23065434923125094
67,67.0,MD,1,3.3713128976316398,3.6054537400982234,0.23414084246658362
68,68.0,MD,1,3.4216310005813666,3.659276683073647,0.23764568249228057
69,69.0,MD,1,3.471949103531094,3.7130972138885427,0.24114811035744887
70,70.0,MD,1,3.5222672064808207,3.7669304097959,0.2446632033150795
71,71.0,MD,1,3.572585309430548,3.820769390067545,0.24818408063699682
72,72.0,MD,1,3.622903412380275,3.8746203398018983,0.25171692742162355
73,73.0,MD,1,3.673221515330002,3.928404530788503,0.25518301545850086
74,74.0,MD,1,3.723539618279729,3.982234001908887,0.258694383629158
75,75.0,MD,1,3.7738577212294557,4.036063429198433,0.262205707968977
76,76.0,MD,1,3.824175824179182,4.089897479210626,0.2657216550314443
77,77.0,MD,1,3.8744939271289094,4.14371639430652,0.2692224671776109
78,78.0,MD,1,3.9248120300786367,4.197550613564056,0.27273858348541946
79,79.0,MD,1,3.975130133028364,4.251387810568901,0.2762576775405372
80,80.0,MD,1,4.025448235978091,4.305219249924566,0.2797710139464744
81,81.0,MD,1,4.075766338927818,4.359013246344837,0.28324690741701897
82,82.0,MD,1,4.126084441877546,4.412842139674012,0.28675769779646654
83,83.0,MD,1,4.1764025448272735,4.466683093640339,0.2902805488130653
84,84.0,MD,1,4.226720647777001,4.520518794419313,0.2937981466423114
85,85.0,MD,1,4.277038750726729,4.574329344948227,0.29729059422149806
86,86.0,MD,1,4.327356853676457,4.628175609290931,0.3008187556144746
87,87.0,MD,1,4.377674956626184,4.682019343667087,0.30434438704090283
88,88.0,MD,1,4.427993059575912,4.735838207104867,0.30784514752895475
89,89.0,MD,1,4.47831116252564,4.789641533146856,0.31133037062121627
90,90.0,MD,1,4.5286292654753675,4.843483908932626,0.31485464345725855
91,91.0,MD,1,4.578947368425095,4.897302739867026,0.31835537144193093
92,92.0,MD,1,4.629265471374823,4.951126518169983,0.3218610467951599
93,93.0,MD,1,4.679583574324551,5.004936070456034,0.3253524961314831
94,94.0,MD,1,4.729901677274279,5.058779002189212,0.3288773249149326
95,95.0,MD,1,4.780219780224007,5.1125996803584535,0.3323799001344465
96,96.0,MD,1,4.830537883173736,5.166428331522292,0.3358904483485565
97,97.0,MD,1,4.880855986123464,5.220234848496925,0.3393788623734606
98,98.0,MD,1,4.931174089073192,5.2740456843057775,0.3428715952325856
99,99.0,MD,1,4.9814921920229205,5.327867710001765,0.3463755179788448
100,100.0,MD,1,5.031810294972648,5.381699426796158,0.34988913182350956
101,101.0,MD,1,5.082128397922375,5.43552121455499,0.35339281663261524
102,102.0,MD,1,5.132446500872102,5.489341383188639,0.35689488231653677
103,103.0,MD,1,5.182764603821829,5.543160074874552,0.3603954710527235
104,104.0,MD,1,5.233082706771556,5.596959365614458,0.36387665884290143
105,105.0,MD,1,5.283400809721283,5.650795688668148,0.3673948789468646
106,106.0,MD,1,5.333718912671011,5.704602031559516,0.37088311888850534
107,107.0,MD,1,5.384037015620738,5.758417666457909,0.3743806508371712
108,108.0,MD,1,5.434355118570464,5.812245021144318,0.37788990257385446
109,109.0,MD,1,5.48467322152019,5.866080953235516,0.38140773171532594
110,110.0,MD,1,5.534991324469916,5.919895561152064,0.38490423668214824
111,111.0,MD,1,5.5853094274196415,5.973713115311039,0.38840368789139745
112,112.0,MD,1,5.6356275303693675,6.027523007852458,0.3918954774830903
113,113.0,MD,1,5.685945633319094,6.081332398857445,0.3953867655383503
114,114.0,MD,1,5.736263736268821,6.135138727855615,0.3988749915867942
115,115.0,MD,1,5.786581839218548,6.188945777862668,0.40236393864412
116,116.0,MD,1,5.836899942168275,6.242769745187574,0.4058698030192991
117,117.0,MD,1,5.887218045118002,6.2965846679654245,0.40936662284742287
118,118.0,MD,1,5.937536148067729,6.350388591260366,0.41285244319263636
119,119.0,MD,1,5.987854251017456,6.404194503626156,0.4163402526087001
120,120.0,MD,1,6.038172353967183,6.458014745337518,0.4198423913703353
121,121.0,MD,1,6.088490456916911,6.51181934751082,0.42332889059390943
122,122.0,MD,1,6.1388085598666375,6.565619171302398,0.4268106114357604
123,123.0,MD,1,6.189126662816364,6.61941931951132,0.43029265669495587
124,124.0,MD,1,6.239444765766091,6.673197902056063,0.4337531362899716
125,125.0,MD,1,6.289762868715818,6.727007658922067,0.4372447902062486
126,126.0,MD,1,6.340080971665546,6.780801470031106,0.44072049836556015
127,127.0,MD,1,6.390399074615273,6.834587188436872,0.44418811382159973
128,128.0,MD,1,6.440717177565,6.888370742419369,0.44765356485436847
129,129.0,MD,1,6.491035280514729,6.942104706859182,0.45106942634445346
130,130.0,MD,1,6.541353383464457,6.995880417972711,0.4545270345082546
131,131.0,MD,1,6.591671486414184,7.049670893214878,0.4579994068006936
132,132.0,MD,1,6.641989589363912,7.10347133481193,0.461481745448018
133,133.0,MD,1,6.69230769231364,7.1572576516980595,0.46494995938441974
134,134.0,MD,1,6.742625795263367,7.211065491980392,0.46843969671702546
135,135.0,MD,1,6.792943898213093,7.264860931525469,0.47191703331237544
136,136.0,MD,1,6.8432620011628185,7.31864698335083,0.47538498218801184
137,137.0,MD,1,6.893580104112546,7.372450305328915,0.4788702012163686
138,138.0,MD,1,6.943898207062272,7.4262443009226144,0.48234609386034233
139,139.0,MD,1,6.994216310011998,7.480039878270671,0.4858235682586729
140,140.0,MD,1,7.044534412961724,7.533835114901373,0.4893007019396487
141,141.0,MD,1,7.094852515911449,7.58766220168193,0.4928096857704807
142,142.0,MD,1,7.145170618861173,7.641465057658306,0.49629443879713264
143,143.0,MD,1,7.195488721810898,7.6952609293538305,0.4997722075429323
144,144.0,MD,1,7.245806824760622,7.749045675507918,0.5032388507472954
145,145.0,MD,1,7.296124927710347,7.802849313066554,0.5067243853562076
146,146.0,MD,1,7.346443030660071,7.856643011914633,0.5101999812545621
147,147.0,MD,1,7.396761133609794,7.910433889169194,0.5136727555593996
148,148.0,MD,1,7.447079236559517,7.964226911158885,0.517147674599368
149,149.0,MD,1,7.49739733950924,8.018018257611425,0.5206209181021855
150,150.0,MD,1,7.547715442458963,8.071813457405248,0.5240980149462855
151,151.0,MD,1,7.598033545408687,8.125618852231085,0.5275853068223979
152,152.0,MD,1,7.648351648358411,8.17942550294941,0.531073854590999
153,153.0,MD,1,7.698669751308137,8.233236101401358,0.534566350093221
154,154.0,MD,1,7.748987854257862,8.287011662533294,0.5380238082754314
155,155.0,MD,1,7.799305957207587,8.34080919179922,0.5415032345916329
156,156.0,MD,1,7.8496240601573115,8.394598270867508,0.5449742107101967
157,157.0,MD,1,7.899942163107037,8.448366191200893,0.5484240280938568
158,158.0,MD,1,7.950260266056761,8.50216428084623,0.5519040147894696
159,159.0,MD,1,8.000578369006485,8.555943567992905,0.5553651989864203
160,160.0,MD,1,8.050896471956209,8.609729623919412,0.5588331519632028
161,161.0,MD,1,8.101214574905933,8.663473582747807,0.5622590078418739
162,162.0,MD,1,8.151532677855657,8.717273867861117,0.5657411900054594
163,163.0,MD,1,8.201850780805382,8.77104290993149,0.5691921291261082
164,164.0,MD,1,8.252168883755106,8.824827707395713,0.5726588236406069
165,165.0,MD,1,8.30248698670483,8.878604800716987,0.5761178140121572
166,166.0,MD,1,8.352805089654554,8.932401930313043,0.579596840658489
167,167.0,MD,1,8.403123192604276,8.986184675747527,0.5830614831432506
168,168.0,MD,1,8.453441295553999,9.039983748787758,0.5865424532337595
169,169.0,MD,1,8.503759398503723,9.093751750145476,0.5899923516417527
170,170.0,MD,1,8.554077501453447,9.147529462861423,0.5934519614079754
171,171.0,MD,1,8.604395604403171,9.20130733909843,0.5969117346952579
172,172.0,MD,1,8.654713707352895,9.255103777695044,0.600390070342149
173,173.0,MD,1,8.70503181030262,9.308856143616522,0.6038243333139022
174,174.0,MD,1,8.755349913252344,9.362623409823287,0.6072734965709436
175,175.0,MD,1,8.805668016202068,9.416416548426582,0.6107485322245143
176,176.0,MD,1,8.855986119151792,9.470194976904956,0.6142088577531641
177,177.0,MD,1,8.906304222101516,9.523932950416304,0.6176287283147879
178,178.0,MD,1,8.956622325051242,9.577686572706742,0.6210642476555002
179,179.0,MD,1,9.006940428000966,9.631449944594353,0.6245095165933865
180,180.0,MD,1,9.057258530950692,9.685216644979965,0.6279581140292727
181,181.0,MD,1,9.107576633900416,9.738976566755579,0.631399932855162
182,182.0,MD,1,9.15789473685014,9.792738804449424,0.6348440675992837
183,183.0,MD,1,9.208212839799865,9.846484193634847,0.6382713538349822
184,184.0,MD,1,9.258530942749589,9.900227835139091,0.6416968923895023
185,185.0,MD,1,9.308849045699313,9.953947831137466,0.6450987854381527
186,186.0,MD,1,9.359167148649036,10.007690240470843,0.6485230918218079
187,187.0,MD,1,9.40948525159876,10.061427979402339,0.6519427278035792
188,188.0,MD,1,9.459803354548484,10.115174679375068,0.655371324826584
189,189.0,MD,1,9.510121457498206,10.168871762654694,0.658750305156488
190,190.0,MD,1,9.560439560447929,10.222609438692894,0.6621698782449652
191,191.0,MD,1,9.610757663397653,10.276309522553898,0.6655518591562455
192,192.0,MD,1,9.661075766347375,10.329996175144355,0.6689204087969802
193,193.0,MD,1,9.7113938692971,10.38357879248329,0.6721849231861903
194,194.0,MD,1,9.761711972246824,10.437282373326013,0.6755704010791899
195,195.0,MD,1,9.812030075196548,10.490987517119285,0.6789574419227371
196,196.0,MD,1,9.862348178146272,10.544690773797752,0.6823425956514804
197,197.0,MD,1,9.912666281095998,10.598339233971526,0.6856729528755281
198,198.0,MD,1,9.962984384045722,10.652066698679402,0.68908231463368
199,199.0,MD,1,10.013302486995448,10.705781963888214,0.6924794768927658
200,200.0,MD,1,10.063620589945172,10.759496758730323,0.6958761687851513
201,201.0,MD,1,10.113938692894896,10.813140393902767,0.6992017010078708
202,202.0,MD,1,10.16425679584462,10.866851381265011,0.7025945854203908
203,203.0,MD,1,10.214574898794345,10.920558990348447,0.705984091554102
204,204.0,MD,1,10.26489300174407,10.974273470514603,0.709380468770533
205,205.0,MD,1,10.315211104693796,11.027925157027857,0.7127140523340607
206,206.0,MD,1,10.365529207643522,11.081621293670011,0.7160920860264888
207,207.0,MD,1,10.415847310593247,11.13530931266343,0.7194620020701841
208,208.0,MD,1,10.466165413542972,11.18897565145128,0.7228102379083072
209,209.0,MD,1,10.516483516492698,11.242560974862302,0.7260774583696037
210,210.0,MD,1,10.566801619442424,11.29623065517877,0.7294290357363451
211,211.0,MD,1,10.61711972239215,11.349876266332863,0.7327565439407131
212,212.0,MD,1,10.667437825341876,11.403547679077251,0.7361098537353747
213,213.0,MD,1,10.717755928291602,11.457184619715587,0.7394286914239849
214,214.0,MD,1,10.768074031241328,11.51084449532486,0.7427704640835326
215,215.0,MD,1,10.818392134191054,11.564495118758161,0.7461029845671074
216,216.0,MD,1,10.86871023714078,11.618142563914603,0.7494323267738228
217,217.0,MD,1,10.919028340090506,11.671759370457103,0.752731030366597
218,218.0,MD,1,10.96934644304023,11.725392324518053,0.7560458814778226
219,219.0,MD,1,11.019664545989954,11.7789836413923,0.7593190954023452
220,220.0,MD,1,11.069982648939678,11.832573271108032,0.7625906221683536
221,221.0,MD,1,11.1203007518894,11.886141021719675,0.7658402698302744
222,222.0,MD,1,11.170618854839125,11.939739429727537,0.7691205748884116
223,223.0,MD,1,11.22093695778885,11.993289153989053,0.7723521962002042
224,224.0,MD,1,11.271255060738572,12.04685238775273,0.7755973270141592
225,225.0,MD,1,11.321573163688294,12.100337090612383,0.7787639269240891
226,226.0,MD,1,11.371891266638015,12.153882725563662,0.7819914589256474
227,227.0,MD,1,11.422209369587737,12.207395854461334,0.7851864848735968
228,228.0,MD,1,11.47252747253746,12.260910779306844,0.7883833067693846
229,229.0,MD,1,11.522845575487182,12.314404887335956,0.7915593118487738
230,230.0,MD,1,11.573163678436904,12.367922508450196,0.7947588300132917
231,231.0,MD,1,11.623481781386626,12.421423358686901,0.7979415773002749
232,232.0,MD,1,11.67379988433635,12.47490297177485,0.8011030874384986
233,233.0,MD,1,11.724117987286071,12.528337178867998,0.804219191581927
234,234.0,MD,1,11.774436090235792,12.581832431963043,0.8073963417272516
235,235.0,MD,1,11.824754193185512,12.635309846393037,0.8105556532075244
236,236.0,MD,1,11.875072296135233,12.688770931906628,0.8136986357713951
237,237.0,MD,1,11.925390399084952,12.742187829417984,0.8167974303330325
238,238.0,MD,1,11.975708502034673,12.795628898871563,0.8199203968368902
239,239.0,MD,1,12.026026604984393,12.849034074393781,0.8230074694093883
240,240.0,MD,1,12.076344707934114,12.902440888737468,0.8260961808033542
241,241.0,MD,1,12.126662810883834,12.9557661982551,0.8291033873712657
242,242.0,MD,1,12.176980913833555,13.009154998750082,0.8321740849165273
243,243.0,MD,1,12.227299016783276,13.062505066492006,0.8352060497087308
244,244.0,MD,1,12.277617119732996,13.115863419081268,0.8382462993482722
245,245.0,MD,1,12.327935222682717,13.169151984842076,0.8412167621593589
246,246.0,MD,1,12.37825332563244,13.222476385237373,0.8442230596049338
247,247.0,MD,1,12.428571428582162,13.275793683715786,0.8472222551336248
248,248.0,MD,1,12.478889531531884,13.329070885023086,0.8501813534912017
249,249.0,MD,1,12.529207634481605,13.382288843836085,0.85308120935448
250,250.0,MD,1,12.579525737431325,13.435556177019764,0.856030439588439
251,251.0,MD,1,12.629843840381048,13.488801882519942,0.8589580421388945
252,252.0,MD,1,12.68016194333077,13.542034725882022,0.8618727825512522
253,253.0,MD,1,12.730480046280492,13.595229923363608,0.8647498770831152
254,254.0,MD,1,12.780798149230213,13.648433130369622,0.8676349811394086
255,255.0,MD,1,12.831116252179935,13.70159613485402,0.8704798826740845
256,256.0,MD,1,12.881434355129658,13.754739695101097,0.8733053399714397
257,257.0,MD,1,12.931752458079382,13.807969846685035,0.876217388605653
258,258.0,MD,1,12.982070561029104,13.861103340357626,0.8790327793285222
259,259.0,MD,1,13.032388663978828,13.914235376856755,0.8818467128779268
260,260.0,MD,1,13.082706766928549,13.967404751498542,0.8846979845699927
261,261.0,MD,1,13.133024869878273,14.020515781645976,0.8874909117677028
262,262.0,MD,1,13.183342972827994,14.073686395034672,0.8903434222066782
263,263.0,MD,1,13.233661075777714,14.126818515414318,0.8931574396366031
264,264.0,MD,1,13.283979178727437,14.179971341128532,0.8959921624010949
265,265.0,MD,1,13.334297281677161,14.233103245011302,0.8988059633341408
266,266.0,MD,1,13.384615384626887,14.286282153372268,0.9016667687453808
267,267.0,MD,1,13.434933487576613,14.339459440940308,0.9045259533636951
268,268.0,MD,1,13.485251590526337,14.39263966782092,0.9073880772945824
269,269.0,MD,1,13.53556969347606,14.44577071977526,0.9102010262992
270,270.0,MD,1,13.585887796425784,14.498955698553523,0.9130679021277395
271,271.0,MD,1,13.636205899375508,14.552110408088126,0.9159045087126181
272,272.0,MD,1,13.686524002325232,14.605271338684108,0.9187473363588765
273,273.0,MD,1,13.736842105274958,14.658421008993674,0.9215789037187161
274,274.0,MD,1,13.787160208224686,14.71160272538707,0.9244425171623849
275,275.0,MD,1,13.837478311174413,14.764777904870408,0.9272995936959951
276,276.0,MD,1,13.88779641412414,14.817972323166446,0.9301759090423065
277,277.0,MD,1,13.938114517073865,14.871086665805377,0.9329721487315119
278,278.0,MD,1,13.98843262002359,14.924277655985705,0.9358450359621155
279,279.0,MD,1,14.038750722973315,14.977441020619272,0.938690297645957
280,280.0,MD,1,14.089068825923041,15.030595837448148,0.9415270115251069
281,281.0,MD,1,14.139386928872764,15.08367443872706,0.9442875098542967
282,282.0,MD,1,14.189705031822488,15.13681347831434,0.9471084464918516
283,283.0,MD,1,14.24002313477221,15.189935652723406,0.949912517951196
284,284.0,MD,1,14.290341237721933,15.243077763947671,0.9527365262257383
285,285.0,MD,1,14.340659340671655,15.296154805916466,0.9554954652448107
286,286.0,MD,1,14.390977443621377,15.34925025537308,0.9582728117517032
287,287.0,MD,1,14.441295546571101,15.402316484237874,0.9610209376667722
288,288.0,MD,1,14.491613649520827,15.455365657018563,0.9637520074977353
289,289.0,MD,1,14.541931752470552,15.508434217732583,0.9665024652620318
290,290.0,MD,1,14.592249855420274,15.561480186659303,0.9692303312390287
291,291.0,MD,1,14.642567958369995,15.614499637736234,0.9719316793662394
292,292.0,MD,1,14.692886061319713,15.667545054285979,0.9746589929662655
293,293.0,MD,1,14.743204164269434,15.72056947566272,0.9773653113932852
294,294.0,MD,1,14.793522267219156,15.773634905382501,0.9801126381633445
295,295.0,MD,1,14.84384037016888,15.826687093236446,0.9828467230675653
296,296.0,MD,1,14.894158473118605,15.879731677112689,0.9855732039940843
297,297.0,MD,1,14.94447657606833,15.932736188954603,0.9882596128862726
298,298.0,MD,1,14.994794679018055,15.985758113549453,0.9909634345313982
299,299.0,MD,1,15.045112781967775,16.03877960169163,0.9936668197238543
300,300.0,MD,1,15.095430884917498,16.091798223494646,0.9963673385771479
301,301.0,MD,1,15.14574898786722,16.144809092838038,0.9990601049708179
302,302.0,MD,1,15.196067090816946,16.19777230171105,1.0017052108941051
303,303.0,MD,1,15.24638519376667,16.250726759169115,1.004341565402445
304,304.0,MD,1,15.296703296716393,16.303667160607183,1.0069638638907907
305,305.0,MD,1,15.347021399666117,16.35660834062107,1.0095869409549518
306,306.0,MD,1,15.397339502615843,16.40950385924123,1.0121643566253873
307,307.0,MD,1,15.447657605565567,16.46240702685935,1.0147494212937822
308,308.0,MD,1,15.497975708515291,16.5152889968304,1.0173132883151084
309,309.0,MD,1,15.548293811465015,16.568177049265998,1.0198832378009826
310,310.0,MD,1,15.59861191441474,16.621022621793355,1.022410707378615
311,311.0,MD,1,15.64893001736446,16.673864553348213,1.0249345359837534
312,312.0,MD,1,15.69924812031418,16.726681756284083,1.0274336359699028
313,313.0,MD,1,15.749566223263901,16.779512001792643,1.0299457785287416
314,314.0,MD,1,15.799884326213624,16.83227401514481,1.0323896889311879
315,315.0,MD,1,15.850202429163346,16.885043504495748,1.0348410753324018
316,316.0,MD,1,15.90052053211307,16.937797175707402,1.037276643594332
317,317.0,MD,1,15.950838635062793,16.99052047941308,1.039681844350289
318,318.0,MD,1,16.001156738012515,17.04322276690793,1.042066028895416
319,319.0,MD,1,16.051474840962236,17.09589891846075,1.0444240774985154
320,320.0,MD,1,16.101792943911956,17.14851660450829,1.046723660596335
321,321.0,MD,1,16.152111046861673,17.201206797643405,1.0490957507817313
322,322.0,MD,1,16.202429149811394,17.253786423107,1.0513572732956078
323,323.0,MD,1,16.252747252761118,17.3063997760911,1.0536525233299834
324,324.0,MD,1,16.303065355710842,17.358991016604435,1.0559256608935925
325,325.0,MD,1,16.353383458660566,17.411629278315907,1.0582458196553404
326,326.0,MD,1,16.40370156161029,17.464205364024643,1.0605038024143525
327,327.0,MD,1,16.454019664560015,17.516786969973253,1.0627673054132387
328,328.0,MD,1,16.504337767509742,17.569345239832025,1.0650074723222822
329,329.0,MD,1,16.554655870459467,17.621875182719457,1.06721931225999
330,330.0,MD,1,16.604973973409194,17.674394922660184,1.0694209492509898
331,331.0,MD,1,16.655292076358922,17.726931311042343,1.0716392346834205
332,332.0,MD,1,16.705610179308646,17.779431160111347,1.0738209808027008
333,333.0,MD,1,16.75592828225837,17.831954044623068,1.0760257623646972
334,334.0,MD,1,16.806246385208095,17.884426372308237,1.0781799871001425
335,335.0,MD,1,16.85656448815782,17.93688774069958,1.0803232525417599
336,336.0,MD,1,16.906882591107543,17.989284878036024,1.082402286928481
337,337.0,MD,1,16.95720069405727,18.041744457476145,1.0845437634188748
338,338.0,MD,1,17.007518797007,18.094137363700334,1.0866185666933355
339,339.0,MD,1,17.057836899956722,18.146516961338982,1.0886800613822594
340,340.0,MD,1,17.10815500290645,18.198895387866386,1.0907403849599362
341,341.0,MD,1,17.158473105856174,18.251276547226794,1.09280344137062
342,342.0,MD,1,17.2087912088059,18.303614752638037,1.0948235438321383
343,343.0,MD,1,17.259109311755623,18.355951224549017,1.0968419127933942
344,344.0,MD,1,17.309427414705347,18.408238942261878,1.0988115275565313
345,345.0,MD,1,17.359745517655067,18.460537833703924,1.1007923160488566
346,346.0,MD,1,17.41006362060479,18.512786651133872,1.1027230305290807
347,347.0,MD,1,17.460381723554512,18.565039154239006,1.1046574306844938
348,348.0,MD,1,17.510699826504233,18.617258507122003,1.1065586806177699
349,349.0,MD,1,17.561017929453953,18.66949584000529,1.1084779105513363
350,350.0,MD,1,17.611336032403674,18.72169115881736,1.1103551264136868
351,351.0,MD,1,17.661654135353395,18.77386777491166,1.1122136395582665
352,352.0,MD,1,17.711972238303115,18.826000887950265,1.1140286496471496
353,353.0,MD,1,17.762290341252836,18.878208214791588,1.115917873538752
354,354.0,MD,1,17.812608444202557,18.930294145419687,1.1176857012171304
355,355.0,MD,1,17.862926547152277,18.98238870455083,1.1194621573985515
356,356.0,MD,1,17.913244650101994,19.034490131424718,1.121245481322724
357,357.0,MD,1,17.963562753051715,19.08652938726198,1.1229666342102647
358,358.0,MD,1,18.013880856001435,19.138551846762386,1.1246709907609507
359,359.0,MD,1,18.06419895895116,19.190583070519125,1.1263841115679654
360,360.0,MD,1,18.11451706190088,19.242538281478986,1.1280212195781054
361,361.0,MD,1,18.1648351648506,19.29455904758694,1.1297238827363394
362,362.0,MD,1,18.215153267800318,19.346480808228943,1.1313275404286252
363,363.0,MD,1,18.265471370750035,19.39842360762746,1.1329522368774256
364,364.0,MD,1,18.315789473699752,19.450316941887714,1.1345274681879616
365,365.0,MD,1,18.366107576649465,19.502242921340343,1.136135344690878
366,366.0,MD,1,18.41642567959918,19.554111558903152,1.137685879303973
367,367.0,MD,1,18.466743782548896,19.605956396669562,1.139212614120666
368,368.0,MD,1,18.517061885498613,19.657762427606766,1.1407005421081529
369,369.0,MD,1,18.56737998844833,19.709673742529844,1.1422937540815141
370,370.0,MD,1,18.617698091398047,19.76144373510969,1.1437456437116431
371,371.0,MD,1,18.668016194347764,19.81317531848563,1.1451591241378658
372,372.0,MD,1,18.718334297297478,19.864909480245668,1.1465751829481903
373,373.0,MD,1,18.768652400247195,19.916649391511623,1.147996991264428
374,374.0,MD,1,18.818970503196912,19.96834009691202,1.1493695937151074
375,375.0,MD,1,18.86928860614663,20.02004562429254,1.1507570181459101
376,376.0,MD,1,18.919606709096346,20.071702988143397,1.1520962790470506
377,377.0,MD,1,18.969924812046063,20.123440714463335,1.153515902417272
378,378.0,MD,1,19.02024291499578,20.17506413585385,1.1548212208580715
379,379.0,MD,1,19.070561017945497,20.22670028734107,1.1561392693955739
380,380.0,MD,1,19.12087912089521,20.27831004478292,1.1574309238877092
381,381.0,MD,1,19.17119722384492,20.3300177149353,1.1588204910903777
382,382.0,MD,1,19.22151532679463,20.38163363753774,1.1601183107431083
383,383.0,MD,1,19.271833429744337,20.43323758259865,1.1614041528543133
384,384.0,MD,1,19.322151532694043,20.484837400871722,1.1626858681776788
385,385.0,MD,1,19.37246963564375,20.536502837735654,1.164033202091904
386,386.0,MD,1,19.422787738593453,20.588035246643702,1.1652475080502498
387,387.0,MD,1,19.473105841543155,20.63955244215526,1.1664466006121046
388,388.0,MD,1,19.523423944492862,20.691017362812868,1.1675934183200063
389,389.0,MD,1,19.57374204744257,20.74243156416282,1.168689516720253
390,390.0,MD,1,19.624060150392275,20.793772666413325,1.1697125160210504
391,391.0,MD,1,19.67437825334198,20.84512259728528,1.1707443439432978
392,392.0,MD,1,19.724696356291684,20.896373667120343,1.1716773108286596
393,393.0,MD,1,19.775014459241387,20.947653242846997,1.1726387836056098
394,394.0,MD,1,19.82533256219109,20.998834745512927,1.1735021833218369
395,395.0,MD,1,19.875650665140792,21.049981179506165,1.1743305143653728
396,396.0,MD,1,19.925968768090495,21.101116332711324,1.1751475646208291
397,397.0,MD,1,19.976286871040198,21.152194913912282,1.1759080428720843
398,398.0,MD,1,20.0266049739899,21.2032461662688,1.1766411922789004
399,399.0,MD,1,20.076923076939604,21.25428809630211,1.1773650193625045
400,400.0,MD,1,20.12724117988931,21.305270225155013,1.1780290452657027
401,401.0,MD,1,20.17755928283902,21.356365008435436,1.1788057255964155
402,402.0,MD,1,20.227877385788727,21.40728930074138,1.1794119149526523
403,403.0,MD,1,20.278195488738433,21.458230233756602,1.180034745018169
404,404.0,MD,1,20.328513591688136,21.50910618471176,1.1805925930236256
405,405.0,MD,1,20.378831694637842,21.56002980223585,1.1811981075980071
406,406.0,MD,1,20.42914979758755,21.610836719400634,1.1816869218130854
407,407.0,MD,1,20.47946790053725,21.661723607062754,1.1822557065255026
408,408.0,MD,1,20.529786003486958,21.712515665058813,1.1827296615718552
409,409.0,MD,1,20.580104106436664,21.76340847367921,1.1833043672425454
410,410.0,MD,1,20.63042220938637,21.814195632160462,1.1837734227740917
411,411.0,MD,1,20.680740312336077,21.864977038892356,1.1842367265562785
412,412.0,MD,1,20.731058415285784,21.91577154610494,1.184713130819155
413,413.0,MD,1,20.78137651823549,21.966577058332575,1.1852005400970853
414,414.0,MD,1,20.831694621185196,22.017372840289074,1.1856782191038775
415,415.0,MD,1,20.882012724134903,22.068190860269382,1.1861781361344796
416,416.0,MD,1,20.93233082708461,22.11899754783387,1.1866667207492618
417,417.0,MD,1,20.982648930034323,22.169959814292003,1.1873108842576805
418,418.0,MD,1,21.032967032984033,22.22075743080437,1.1877903978203364
419,419.0,MD,1,21.083285135933743,22.271481820525594,1.1881966845918512
420,420.0,MD,1,21.133603238883456,22.3222227740363,1.1886195351528457
421,421.0,MD,1,21.183921341833166,22.372989883730778,1.189068541897612
422,422.0,MD,1,21.23423944478288,22.423643619865295,1.1894041750824158
423,423.0,MD,1,21.284557547732593,22.474307560970924,1.1897500132383314
424,424.0,MD,1,21.334875650682303,22.524947770241383,1.1900721195590798
425,425.0,MD,1,21.385193753632013,22.57569505860272,1.1905013049707058
426,426.0,MD,1,21.435511856581723,22.626296447501787,1.1907845909200638
427,427.0,MD,1,21.485829959531436,22.676900736856282,1.1910707773248461
428,428.0,MD,1,21.53614806248115,22.72751348609961,1.1913654236184605
429,429.0,MD,1,21.586466165430863,22.778182178260536,1.1917160128296729
430,430.0,MD,1,21.636784268380577,22.828800037363678,1.1920157689831008
431,431.0,MD,1,21.68710237133029,22.87942597418782,1.192323602857531
432,432.0,MD,1,21.737420474280004,22.93004992973657,1.192629455456565
433,433.0,MD,1,21.78773857722972,22.98082013414226,1.1930815569125386
434,434.0,MD,1,21.838056680179438,23.03149821476059,1.1934415345811509
435,435.0,MD,1,21.888374783129155,23.082215257222593,1.193840474093438
436,436.0,MD,1,21.938692886078872,23.132900730188442,1.1942078441095703
437,437.0,MD,1,21.98901098902859,23.18363023020597,1.1946192411773815
438,438.0,MD,1,22.039329091978303,23.23430989637666,1.1949808043983587
439,439.0,MD,1,22.089647194928016,23.285030532056677,1.1953833371286606
440,440.0,MD,1,22.13996529787773,23.335744670728253,1.1957793728505237
441,441.0,MD,1,22.190283400827443,23.386536981474933,1.1962535806474897
442,442.0,MD,1,22.240601503777153,23.437258516638966,1.196657012861813
443,443.0,MD,1,22.290919606726867,23.488035032475302,1.1971154257484358
444,444.0,MD,1,22.34123770967658,23.538835359244327,1.1975976495677472
445,445.0,MD,1,22.39155581262629,23.589661984779532,1.198106172153242
446,446.0,MD,1,22.441873915576004,23.640517106153844,1.1986431905778403
447,447.0,MD,1,22.492192018525714,23.69137550389304,1.1991834853673247
448,448.0,MD,1,22.542510121475424,23.74223417311572,1.1997240516402954
449,449.0,MD,1,22.592828224425133,23.793168240547836,1.200340016122702
450,450.0,MD,1,22.643146327374843,23.84407059376665,1.2009242663918052
451,451.0,MD,1,22.693464430324546,23.89497753901395,1.2015131086894044
452,452.0,MD,1,22.743782533274256,23.945921617195044,1.2021390839207875
453,453.0,MD,1,22.794100636223966,23.996824374077924,1.2027237378539581
454,454.0,MD,1,22.844418739173676,24.047730142474467,1.2033114033007912
455,455.0,MD,1,22.894736842123386,24.098613329452196,1.2038764873288095
456,456.0,MD,1,22.9450549450731,24.149520238620074,1.2044652935469742
457,457.0,MD,1,22.995373048022817,24.200436168030137,1.2050631200073205
458,458.0,MD,1,23.045691150972534,24.251332680709563,1.2056415297370293
459,459.0,MD,1,23.09600925392225,24.3022372854719,1.2062280315496494
460,460.0,MD,1,23.146327356871964,24.35313104928399,1.2068036924120271
461,461.0,MD,1,23.196645459821678,24.404016998572224,1.2073715387505466
462,462.0,MD,1,23.246963562771395,24.454878580880536,1.2079150181091407
463,463.0,MD,1,23.297281665721112,24.505764159993934,1.2084824942728218
464,464.0,MD,1,23.34759976867083,24.55659596036923,1.2089961916984002
465,465.0,MD,1,23.397917871620546,24.607495756876666,1.2095778852561203
466,466.0,MD,1,23.448235974570263,24.658311415775046,1.2100754412047827
467,467.0,MD,1,23.498554077519984,24.709151921159368,1.210597843639384
468,468.0,MD,1,23.5488721804697,24.759971588336644,1.2110994078669428
469,469.0,MD,1,23.599190283419418,24.81081728796866,1.2116270045492428
470,470.0,MD,1,23.64950838636913,24.86160760198277,1.2120992156136374
471,471.0,MD,1,23.699826489318845,24.912388306526612,1.2125618172077672
472,472.0,MD,1,23.75014459226856,24.96312687940097,1.2129822871324123
473,473.0,MD,1,23.80046269521827,25.013932576325224,1.2134698811069562
474,474.0,MD,1,23.85078079816798,25.064631111791492,1.2138503136235137
475,475.0,MD,1,23.901098901117688,25.115348764649493,1.2142498635318049
476,476.0,MD,1,23.951417004067398,25.16603132321023,1.2146143191428322
477,477.0,MD,1,24.001735107017105,25.216788671893234,1.2150535648761291
478,478.0,MD,1,24.052053209966818,25.26744610213279,1.2153928921659727
479,479.0,MD,1,24.102371312916528,25.31815723285387,1.2157859199373426
480,480.0,MD,1,24.15268941586624,25.36885692032852,1.2161675044622768
481,481.0,MD,1,24.20300751881595,25.419620909175897,1.2166133903599459
482,482.0,MD,1,24.25332562176566,25.470260073188257,1.2169344514225955
483,483.0,MD,1,24.303643724715375,25.520890229126874,1.2172465044114986
484,484.0,MD,1,24.35396182766509,25.571459385862184,1.2174975581970955
485,485.0,MD,1,24.404279930614802,25.622093520796508,1.2178135901817058
486,486.0,MD,1,24.454598033564515,25.672647940161454,1.2180499065969386
487,487.0,MD,1,24.50491613651423,25.723190209309095,1.2182740727948662
488,488.0,MD,1,24.555234239463942,25.773745194902904,1.218510955438962
489,489.0,MD,1,24.605552342413652,25.824455550046313,1.2189032076326605
490,490.0,MD,1,24.655870445363366,25.875077574781212,1.2192071294178461
491,491.0,MD,1,24.70618854831308,25.92576778202989,1.2195792337168108
492,492.0,MD,1,24.756506651262793,25.976495241405143,1.21998859014235
493,493.0,MD,1,24.806824754212503,26.02731252643128,1.2204877722187781
494,494.0,MD,1,24.857142857162216,26.078124633581425,1.2209817764192081
495,495.0,MD,1,24.907460960111926,26.128974045537817,1.2215130854258902
496,496.0,MD,1,24.95777906306164,26.179814981332218,1.2220359182705778
497,497.0,MD,1,25.00809716601135,26.230724007484174,1.2226268414728239
498,498.0,MD,1,25.058415268961063,26.28160702910143,1.2231917601403666
499,499.0,MD,1,25.10873337191077,26.332525380686874,1.2237920087761047
500,500.0,MD,1,25.15905147486048,26.38344522762057,1.2243937527600899
501,501.0,MD,1,25.209369577810186,26.434486954103942,1.2251173762937562
502,502.0,MD,1,25.259687680759892,26.48547666307551,1.225788982315617
503,503.0,MD,1,25.3100057837096,26.536520737894374,1.2265149541847755
504,504.0,MD,1,25.3603238866593,26.587578062530426,1.2272541758711242
505,505.0,MD,1,25.410641989609,26.63871199114353,1.2280700015345296
506,506.0,MD,1,25.460960092558704,26.689824316321204,1.2288642237624998
507,507.0,MD,1,25.511278195508403,26.74091580614774,1.2296376106393367
508,508.0,MD,1,25.5615962984581,26.791913209267456,1.230316910809357
509,509.0,MD,1,25.611914401407795,26.843058414789372,1.2311440133815772
510,510.0,MD,1,25.66223250435749,26.894126155937517,1.2318936515800267
511,511.0,MD,1,25.712550607307183,26.94530845505443,1.2327578477472478
512,512.0,MD,1,25.762868710256875,26.996525336552132,1.2336566262952573
513,513.0,MD,1,25.813186813206567,27.04827564248704,1.2350888292804747
514,514.0,MD,1,25.863504916156263,27.099455477543813,1.2359505613875506
515,515.0,MD,1,25.913823019105955,27.15054624773476,1.2367232286288043
516,516.0,MD,1,25.96414112205565,27.201481433724236,1.2373403116685857
517,517.0,MD,1,26.01445922500535,27.252421419367153,1.2379621943618027
518,518.0,MD,1,26.06477732795505,27.303175856281555,1.2383985283265062
519,519.0,MD,1,26.11509543090475,27.353937349123736,1.2388419182189878
520,520.0,MD,1,26.165413533854448,27.404681853729457,1.2392683198750092
521,521.0,MD,1,26.21573163680415,27.45542568150704,1.2396940447028904
522,522.0,MD,1,26.266049739753853,27.50604713254743,1.2399973927935761
523,523.0,MD,1,26.31636784270355,27.55658238746002,1.2402145447564692
524,524.0,MD,1,26.36668594565325,27.60699796470052,1.2403120190472698
525,525.0,MD,1,26.41700404860295,27.65743050165019,1.2404264530472382
526,526.0,MD,1,26.46732215155265,27.70766494604798,1.24034279449533
527,527.0,MD,1,26.517640254502354,27.75789457402434,1.2402543195219877
528,528.0,MD,1,26.567958357452053,27.808107635051027,1.2401492775989738
529,529.0,MD,1,26.618276460401752,27.858285300878315,1.2400088404765626
530,530.0,MD,1,26.66859456335145,27.908362190384327,1.239767627032876
531,531.0,MD,1,26.71891266630115,27.958348172449135,1.2394355061479843
532,532.0,MD,1,26.769230769250843,28.008223717089756,1.2389929478389128
533,533.0,MD,1,26.81954887220054,28.058150167613537,1.2386012954129981
534,534.0,MD,1,26.869866975150234,28.10793618506199,1.2380692099117567
535,535.0,MD,1,26.92018507809993,28.157703375506976,1.2375182974070462
536,536.0,MD,1,26.970503181049622,28.20743892040354,1.2369357393539175
537,537.0,MD,1,27.020821283999318,28.257193133499005,1.2363718494996867
538,538.0,MD,1,27.07113938694901,28.306806490068325,1.2356671031193152
539,539.0,MD,1,27.121457489898706,28.356333813446014,1.234876323547308
540,540.0,MD,1,27.1717755928484,28.4058196790455,1.2340440861970983
541,541.0,MD,1,27.222093695798094,28.45537656679624,1.2332828709981456
542,542.0,MD,1,27.27241179874779,28.504827871421277,1.2324160726734874
543,543.0,MD,1,27.322729901697485,28.55435341837934,1.2316235166818537
544,544.0,MD,1,27.373048004647178,28.603886007824215,1.2308380031770376
545,545.0,MD,1,27.423366107596873,28.653491495621946,1.2301253880250727
546,546.0,MD,1,27.473684210546566,28.702949127543356,1.2292649169967902
547,547.0,MD,1,27.524002313496258,28.75236436268531,1.2283620491890517
548,548.0,MD,1,27.574320416445953,28.801627311383342,1.2273068949373886
549,549.0,MD,1,27.624638519395653,28.85094553361679,1.2263070142211383
550,550.0,MD,1,27.674956622345352,28.900104808761153,1.225148186415801
551,551.0,MD,1,27.72527472529505,28.949292322543492,1.2240175972484408
552,552.0,MD,1,27.77559282824475,28.99845646545869,1.2228636372139405
553,553.0,MD,1,27.825910931194446,29.04767532923509,1.2217643980406443
554,554.0,MD,1,27.876229034144142,29.096787833673844,1.2205587995297016
555,555.0,MD,1,27.926547137093834,29.14588091056189,1.2193337734680547
556,556.0,MD,1,27.976865240043526,29.19492582177285,1.218060581729322
557,557.0,MD,1,28.027183342993215,29.244053706958578,1.2168703639653629
558,558.0,MD,1,28.077501445942907,29.293124913153274,1.2156234672103672
559,559.0,MD,1,28.127819548892603,29.342249726453154,1.2144301775605513
560,560.0,MD,1,28.178137651842295,29.3914245102952,1.2132868584529035
561,561.0,MD,1,28.228455754791987,29.44066866559456,1.2122129108025739
562,562.0,MD,1,28.278773857741683,29.489849676103113,1.2110758183614294
563,563.0,MD,1,28.329091960691375,29.538986532225795,1.20989457153442
564,564.0,MD,1,28.37941006364107,29.588113600679918,1.208703537038847
565,565.0,MD,1,28.429728166590763,29.63731709110517,1.2075889245144076
566,566.0,MD,1,28.480046269540452,29.68644842710348,1.2064021575630264
567,567.0,MD,1,28.53036437249014,29.73562996515241,1.2052655926622684
568,568.0,MD,1,28.580682475439826,29.784855205691255,1.204172730251429
569,569.0,MD,1,28.631000578389514,29.834135239726894,1.20313466133738
570,570.0,MD,1,28.6813186813392,29.8833849263423,1.202066245003099
571,571.0,MD,1,28.731636784288888,29.93267639201413,1.2010396077252423
572,572.0,MD,1,28.781954887238577,29.982001779374336,1.2000468921357594
573,573.0,MD,1,28.832272990188265,30.031404157511137,1.1991311673228715
574,574.0,MD,1,28.882591093137954,30.080757698248163,1.1981666051102096
575,575.0,MD,1,28.932909196087643,30.130247240235303,1.19733804414766
576,576.0,MD,1,28.98322729903733,30.179819047637277,1.1965917485999462
577,577.0,MD,1,29.033545401987016,30.229160861823342,1.1956154598363256
578,578.0,MD,1,29.0838635049367,30.27869574508763,1.1948322401509301
579,579.0,MD,1,29.13418160788638,30.32819151208795,1.1940099042015717
580,580.0,MD,1,29.18449971083606,30.37765414076212,1.1931544299260608
581,581.0,MD,1,29.23481781378574,30.427101456596468,1.1922836428107288
582,582.0,MD,1,29.28513591673542,30.476409570653175,1.1912736539177544
583,583.0,MD,1,29.335454019685095,30.525740842661413,1.1902868229763186
584,584.0,MD,1,29.385772122634773,30.57510316452752,1.1893310418927463
585,585.0,MD,1,29.436090225584447,30.624446700497952,1.1883564749135047
586,586.0,MD,1,29.48640832853412,30.673712975199372,1.1873046466652504
587,587.0,MD,1,29.536726431483796,30.722951326727554,1.1862248952437575
588,588.0,MD,1,29.587044534433467,30.77216222175231,1.1851176873188436
589,589.0,MD,1,29.637362637383138,30.821414866099172,1.184052228716034
590,590.0,MD,1,29.6876807403328,30.87064373796746,1.1829629976346574
591,591.0,MD,1,29.73799884328247,30.91990638261805,1.1819075393355796
592,592.0,MD,1,29.788316946232133,30.969186730123248,1.180869783891115
593,593.0,MD,1,29.8386350491818,31.018530394885833,1.1798953457040326
594,594.0,MD,1,29.888953152131464,31.067853251803083,1.178900099671619
595,595.0,MD,1,29.93927125508113,31.11712094416954,1.1778496890884078
596,596.0,MD,1,29.9895893580308,31.166317117563214,1.1767277595324153
597,597.0,MD,1,30.039907460980466,31.21559786680858,1.1756904058281137
598,598.0,MD,1,30.09022556393013,31.264884636978156,1.1746590730480264
599,599.0,MD,1,30.140543666879797,31.314161518992744,1.1736178521129474
600,600.0,MD,1,30.190861769829468,31.363486536382425,1.172624766552957
601,601.0,MD,1,30.241179872779142,31.412846052111885,1.1716661793327425
602,602.0,MD,1,30.291497975728817,31.462215117887748,1.1707171421589315
603,603.0,MD,1,30.341816078678487,31.511612364978873,1.169796286300386
604,604.0,MD,1,30.392134181628162,31.56104473554895,1.1689105539207887
605,605.0,MD,1,30.442452284577833,31.61052074795763,1.1680684633797966
606,606.0,MD,1,30.4927703875275,31.660004093697076,1.1672337061695757
607,607.0,MD,1,30.54308849047717,31.709557148477426,1.1664686580002552
608,608.0,MD,1,30.593406593426838,31.759229151525187,1.1658225580983483
609,609.0,MD,1,30.643724696376506,31.808781616244094,1.1650569198675882
610,610.0,MD,1,30.694042799326173,31.858492719677205,1.1644499203510321
611,611.0,MD,1,30.74436090227584,31.90819256037473,1.1638316580988892
612,612.0,MD,1,30.794679005225504,31.957920692252927,1.1632416870274227
613,613.0,MD,1,30.844997108175168,32.007671171751824,1.162674063576656
614,614.0,MD,1,30.895315211124828,32.0575246623412,1.1622094512163734
615,615.0,MD,1,30.945633314074488,32.107348192632536,1.1617148785580476
616,616.0,MD,1,30.995951417024152,32.1571598465747,1.1612084295505483
617,617.0,MD,1,31.046269519973816,32.20703951924868,1.1607699992748657
618,618.0,MD,1,31.096587622923476,32.25699579493774,1.160408172014261
619,619.0,MD,1,31.14690572587314,32.306948980434456,1.160043254561316
620,620.0,MD,1,31.1972238288228,32.35689895539422,1.1596751265714218
621,621.0,MD,1,31.247541931772464,32.406902982382874,1.1593610506104106
622,622.0,MD,1,31.29786003472213,32.45692290840377,1.1590628736816377
623,623.0,MD,1,31.348178137671795,32.50700263907289,1.1588245014010923
624,624.0,MD,1,31.39849624062146,32.557162898158495,1.1586666575370366
625,625.0,MD,1,31.44881434357112,32.60706864388746,1.1582543003163401
626,626.0,MD,1,31.49913244652078,32.65716614328628,1.1580336967655036
627,627.0,MD,1,31.549450549470443,32.707294447990265,1.1578438985198218
628,628.0,MD,1,31.599768652420106,32.75751578152836,1.1577471291082553
629,629.0,MD,1,31.650086755369767,32.80773794975722,1.1576511943874515
630,630.0,MD,1,31.700404858319427,32.85796398328362,1.157559124964191
631,631.0,MD,1,31.750722961269087,32.9081688142685,1.1574458529994125
632,632.0,MD,1,31.801041064218747,32.95835493866057,1.1573138744418223
633,633.0,MD,1,31.851359167168415,33.008443777994394,1.1570846108259794
634,634.0,MD,1,31.901677270118082,33.058783745847236,1.1571064757291545
635,635.0,MD,1,31.951995373067746,33.1091084942709,1.1571131212031531
636,636.0,MD,1,32.00231347601741,33.1594087365424,1.15709526052499
637,637.0,MD,1,32.05263157896708,33.209562010700196,1.156930431733116
638,638.0,MD,1,32.10294968191674,33.25984215654366,1.1568924746269218
639,639.0,MD,1,32.15326778486641,33.31010165774639,1.1568338728799787
640,640.0,MD,1,32.20358588781607,33.36039298551775,1.1568070977016802
641,641.0,MD,1,32.253903990765735,33.411733089217144,1.1578290984514084
642,642.0,MD,1,32.30422209371541,33.462053663466655,1.1578315697512451
643,643.0,MD,1,32.35454019666507,33.51244400236219,1.1579038056971171
644,644.0,MD,1,32.40485829961474,33.562898320317245,1.1580400207025079
645,645.0,MD,1,32.455176402564405,33.61325662616269,1.158080223598283
646,646.0,MD,1,32.50549450551407,33.66381710447061,1.1583225989565378
647,647.0,MD,1,32.55581260846374,33.71440116445238,1.1585885559886435
648,648.0,MD,1,32.6061307114134,33.765109836250375,1.158979124836975
649,649.0,MD,1,32.65644881436307,33.81558104410183,1.1591322297387663
650,650.0,MD,1,32.706766917312734,33.86627178411489,1.159504866802159
651,651.0,MD,1,32.7570850202624,33.916998612052666,1.1599135917902643
652,652.0,MD,1,32.80740312321207,33.967770270249254,1.160367147037185
653,653.0,MD,1,32.857721226161736,34.01851063469172,1.1607894085299861
654,654.0,MD,1,32.9080393291114,34.06930860956577,1.1612692804543698
655,655.0,MD,1,32.95835743206107,34.12011073953936,1.1617533074782926
656,656.0,MD,1,33.00867553501074,34.1709337073094,1.1622581722986638
657,657.0,MD,1,33.05899363796041,34.22152386929483,1.162530231334415
658,658.0,MD,1,33.10931174091009,34.27240355192085,1.1630918110107658
659,659.0,MD,1,33.15962984385976,34.323278273531415,1.1636484296716532
660,660.0,MD,1,33.209947946809436,34.37418625870534,1.1642383118959074
661,661.0,MD,1,33.2602660497591,34.42505354127787,1.1647874915187657
662,662.0,MD,1,33.31058415270878,34.47598863849711,1.1654044857883292
663,663.0,MD,1,33.36090225565845,34.52686829479191,1.1659660391334583
664,664.0,MD,1,33.411220358608126,34.577714693793055,1.1664943351849288
665,665.0,MD,1,33.4615384615578,34.62856329256084,1.1670248310030402
666,666.0,MD,1,33.51185656450748,34.6794130067648,1.1675564422573146
667,667.0,MD,1,33.562174667457164,34.73022370531928,1.1680490378621187
668,668.0,MD,1,33.61249277040684,34.78102011368282,1.1685273432759828
669,669.0,MD,1,33.66281087335651,34.831774024036704,1.1689631506801916
670,670.0,MD,1,33.71312897630619,34.88247641311104,1.1693474368048555
671,671.0,MD,1,33.76344707925587,34.933200442500215,1.1697533632443466
672,672.0,MD,1,33.81376518220556,34.98393958391857,1.1701744017130125
673,673.0,MD,1,33.864083285155246,35.03382395799715,1.169740672841904
674,674.0,MD,1,33.914401388104935,35.0845284270092,1.170127038904262
675,675.0,MD,1,33.96471949105462,35.13518910831679,1.1704696172621638
676,676.0,MD,1,34.01503759400431,35.185755682371095,1.1707180883667831
677,677.0,MD,1,34.06535569695399,35.236345494566265,1.1709897976122718
678,678.0,MD,1,34.11567379990368,35.28694815795742,1.1712743580537364
679,679.0,MD,1,34.165991902853364,35.33747939029221,1.1714874874388457
680,680.0,MD,1,34.216310005803045,35.38805829203373,1.171748286230688
681,681.0,MD,1,34.266628108752734,35.43854630818012,1.1719181994273882
682,682.0,MD,1,34.31694621170242,35.48905199497417,1.1721057832717463
683,683.0,MD,1,34.36726431465211,35.53950466534839,1.1722403506962777
684,684.0,MD,1,34.41758241760181,35.589971474469,1.1723890568671962
685,685.0,MD,1,34.46790052055151,35.64028205687265,1.17238153632114
686,686.0,MD,1,34.518218623501205,35.69067573404674,1.1724571105455368
687,687.0,MD,1,34.56853672645091,35.74095211117899,1.1724153847280832
688,688.0,MD,1,34.618854829400604,35.79122255563261,1.1723677262320038
689,689.0,MD,1,34.6691729323503,35.841447810004894,1.1722748776545941
690,690.0,MD,1,34.7194910353,35.89150141088252,1.1720103755825164
691,691.0,MD,1,34.769809138249705,35.94146176726755,1.1716526290178422
692,692.0,MD,1,34.82012724119941,35.991428669657175,1.1713014284577667
693,693.0,MD,1,34.870445344149104,36.04129014951741,1.1708448053683043
694,694.0,MD,1,34.92076344709881,36.09118993807616,1.1704264909773556
695,695.0,MD,1,34.97108155004851,36.14103673321111,1.1699551831625996
696,696.0,MD,1,35.021399652998205,36.19084358833858,1.1694439353403752
697,697.0,MD,1,35.0717177559479,36.24055620695882,1.1688384510109202
698,698.0,MD,1,35.1220358588976,36.29033071699581,1.1682948580982142
699,699.0,MD,1,35.17235396184729,36.34002204510047,1.1676680832531758
700,700.0,MD,1,35.22267206479699,36.38970415897612,1.1670320941791346
701,701.0,MD,1,35.272990167746684,36.43933653696493,1.166346369218246
702,702.0,MD,1,35.32330827069639,36.48906549319167,1.1657572224952801
703,703.0,MD,1,35.37362637364608,36.53875030171647,1.1651239280703862
704,704.0,MD,1,35.42394447659578,36.58846965237747,1.1645251757816908
705,705.0,MD,1,35.47426257954547,36.63832285698427,1.1640602774388
706,706.0,MD,1,35.524580682495156,36.68801065858226,1.1634299760871016
707,707.0,MD,1,35.574898785444844,36.73756985426606,1.1626710688212185
708,708.0,MD,1,35.62521688839453,36.78705601712248,1.161839128727948
709,709.0,MD,1,35.67553499134422,36.83640995617218,1.1608749648279613
710,710.0,MD,1,35.7258530942939,36.88577762569154,1.1599245313976354
711,711.0,MD,1,35.776171197243585,36.93507902697805,1.158907829734467
712,712.0,MD,1,35.826489300193266,36.984428532582264,1.1579392323889977
713,713.0,MD,1,35.87680740314295,37.0337115750299,1.15690417188695
714,714.0,MD,1,35.92712550609263,37.08301530756671,1.155889801474082
715,715.0,MD,1,35.97744360904231,37.13230093027283,1.1548573212305158
716,716.0,MD,1,36.02776171199199,37.18157168478835,1.1538099727963598
717,717.0,MD,1,36.07807981494167,37.23086268820525,1.1527828732635825
718,718.0,MD,1,36.12839791789134,37.28012844469782,1.1517305268064817
719,719.0,MD,1,36.178716020841016,37.329459380699966,1.15074335985895
720,720.0,MD,1,36.22903412379069,37.3789249612498,1.149890837459111
721,721.0,MD,1,36.27935222674037,37.428363746703354,1.1490115199629827
722,722.0,MD,1,36.32967032969005,37.477957979847766,1.1482876501577124
723,723.0,MD,1,36.379988432639735,37.52754023129537,1.147551798655634
724,724.0,MD,1,36.43030653558942,37.57717907838101,1.1468725427915842
725,725.0,MD,1,36.48062463853911,37.62688248570735,1.1462578471682363
726,726.0,MD,1,36.5309427414888,37.6767672859659,1.145824544477101
727,727.0,MD,1,36.58126084443849,37.72673029775551,1.1454694533170198
728,728.0,MD,1,36.63157894738818,37.77680551328721,1.14522656589903
729,729.0,MD,1,36.68189705033787,37.82688433495978,1.1449872846219122
730,730.0,MD,1,36.732215153287555,37.87719930314853,1.1449841498609743
731,731.0,MD,1,36.78253325623724,37.92753482809193,1.1450015718546922
732,732.0,MD,1,36.832851359186925,37.97796494854807,1.145113589361145
733,733.0,MD,1,36.88316946213662,38.02816379638775,1.1449943342511304
734,734.0,MD,1,36.93348756508631,38.078444268475394,1.1449567033890844
735,735.0,MD,1,36.983805668036,38.128639384741234,1.1448337167052358
736,736.0,MD,1,37.03412377098569,38.17875649056393,1.1446327195782402
737,737.0,MD,1,37.08444187393537,38.22867658224197,1.1442347083065982
738,738.0,MD,1,37.13475997688505,38.27862666046302,1.1438666835779685
739,739.0,MD,1,37.185078079834724,38.32860196343655,1.1435238836018229
740,740.0,MD,1,37.235396182784406,38.378618574286286,1.1432223915018795
741,741.0,MD,1,37.28571428573408,38.42861301585823,1.142898730124152
742,742.0,MD,1,37.33603238868376,38.478830069548394,1.142797680864632
743,743.0,MD,1,37.38635049163344,38.529028659883735,1.142678168250292
744,744.0,MD,1,37.43666859458312,38.5792948420817,1.1426262474985833
745,745.0,MD,1,37.48698669753279,38.62953832099465,1.1425516234618556
746,746.0,MD,1,37.53730480048247,38.67964052170894,1.1423357212264733
747,747.0,MD,1,37.58762290343215,38.72970324027156,1.1420803368394132
748,748.0,MD,1,37.63794100638182,38.77978202272619,1.1418410163443653
749,749.0,MD,1,37.6882591093315,38.8298010532687,1.1415419439372059
750,750.0,MD,1,37.738577212281164,38.87983552677426,1.1412583144930935
751,751.0,MD,1,37.78889531523084,38.92991371905093,1.141018403820091
752,752.0,MD,1,37.839213418180506,38.9800701027391,1.1408566845585923
753,753.0,MD,1,37.88953152113017,39.0296314683528,1.1400999472226232
754,754.0,MD,1,37.93984962407984,39.07981663462035,1.1399670105405093
755,755.0,MD,1,37.99016772702951,39.12985259265287,1.1396848656233587
756,756.0,MD,1,38.040485829979175,39.179808584760394,1.1393227547812188
757,757.0,MD,1,38.090803932928836,39.22963711218745,1.1388331792586115
758,758.0,MD,1,38.1411220358785,39.27925500693262,1.1381329710541195
759,759.0,MD,1,38.19144013882817,39.32899053842369,1.1375503995955185
760,760.0,MD,1,38.24175824177784,39.37886251733022,1.1371042755523817
761,761.0,MD,1,38.2920763447275,39.428776984980395,1.1367006402528972
762,762.0,MD,1,38.34239444767716,39.47851858151159,1.1361241338344286
763,763.0,MD,1,38.39271255062681,39.52820346333605,1.135490912709237
764,764.0,MD,1,38.44303065357647,39.577844230866994,1.1348135772905223
765,765.0,MD,1,38.493348756526125,39.6275834669929,1.134234710466778
766,766.0,MD,1,38.54366685947578,39.67774053126575,1.1340736717899702
767,767.0,MD,1,38.59398496242543,39.72778322607419,1.1337982636487567
768,768.0,MD,1,38.644303065375084,39.77780423615024,1.1335011707751548
769,769.0,MD,1,38.69462116832474,39.82794536056364,1.1333241922389021
770,770.0,MD,1,38.7449392712744,39.87828909754179,1.1333498262673913
771,771.0,MD,1,38.79525737422406,39.92893341372016,1.1336760394961019
772,772.0,MD,1,38.845575477173725,39.97977684668623,1.1342013695125033
773,773.0,MD,1,38.89589358012339,40.03049816507032,1.1346045849469277
774,774.0,MD,1,38.94621168307306,40.08125280134285,1.1350411182697897
775,775.0,MD,1,38.99652978602273,40.13216626349959,1.135636477476865
776,776.0,MD,1,39.046847888972394,40.183287421363346,1.136439532390952
777,777.0,MD,1,39.09716599192206,40.23404553953789,1.1368795476158269
778,778.0,MD,1,39.14748409487173,40.285390483260166,1.137906388388437
779,779.0,MD,1,39.197802197821396,40.336564308101636,1.1387621102802399
780,780.0,MD,1,39.248120300771056,40.387619915973175,1.1394996152021193
781,781.0,MD,1,39.298438403720716,40.438711009709806,1.1402726059890895
782,782.0,MD,1,39.348756506670384,40.48993731547982,1.1411808088094375
783,783.0,MD,1,39.39907460962005,40.54116075097913,1.14208614135908
784,784.0,MD,1,39.44939271256972,40.59244173343584,1.1430490208661226
785,785.0,MD,1,39.49971081551938,40.64345057428649,1.1437397587671114
786,786.0,MD,1,39.55002891846904,40.69457788900838,1.14454897053934
787,787.0,MD,1,39.6003470214187,40.74556351450148,1.1452164930827777
788,788.0,MD,1,39.650665124368366,40.796412134708014,1.1457470103396474
789,789.0,MD,1,39.70098322731803,40.84715879455583,1.1461755672378047
790,790.0,MD,1,39.75130133026769,40.89765820649205,1.1463568762243668
791,791.0,MD,1,39.80161943321735,40.94822530040833,1.146605867190985
792,792.0,MD,1,39.85193753616701,40.99891969169796,1.1469821555309494
793,793.0,MD,1,39.90225563911667,41.048909441722664,1.1466538026059965
794,794.0,MD,1,39.95257374206633,41.09955644423338,1.1469827021670511
795,795.0,MD,1,40.00289184501599,41.15018929980982,1.1472974547938293
796,796.0,MD,1,40.05320994796565,41.20085186622545,1.1476419182598008
797,797.0,MD,1,40.10352805091531,41.251477824123526,1.147949773208218
798,798.0,MD,1,40.15384615386497,41.30268236201031,1.1488362081453403
799,799.0,MD,1,40.20416425681462,41.353582335153185,1.149418078338563
800,800.0,MD,1,40.25448235976428,41.40419807008608,1.1497157103218
801,801.0,MD,1,40.304800462713935,41.45660365451891,1.151803191804973
802,802.0,MD,1,40.35511856566358,41.50664235808042,1.1515237924168389
803,803.0,MD,1,40.40543666861323,41.556747241911275,1.1513105732980478
804,804.0,MD,1,40.45575477156287,41.60695418176593,1.1511994102030556
805,805.0,MD,1,40.50607287451252,41.657079853718784,1.1510069792062652
806,806.0,MD,1,40.556390977462165,41.70707759752793,1.1506866200657626
807,807.0,MD,1,40.60670908041181,41.75731893450903,1.150609854097219
808,808.0,MD,1,40.65702718336146,41.807848597128306,1.1508214137668489
809,809.0,MD,1,40.70734528631111,41.857907040234664,1.1505617539235544
810,810.0,MD,1,40.75766338926076,41.90960014135138,1.15193675209062
811,811.0,MD,1,40.80798149221042,41.961715883841485,1.1537343916310618
812,812.0,MD,1,40.85829959516008,42.0143342018441,1.156034606684024
813,813.0,MD,1,40.90861769810973,42.0667661004478,1.158148402338071
814,814.0,MD,1,40.95893580105938,42.11977613277515,1.160840331715768
815,815.0,MD,1,41.00925390400904,42.17202417295505,1.162770268946005
816,816.0,MD,1,41.05957200695869,42.223554253458964,1.1639822465002752
817,817.0,MD,1,41.109890109908335,42.27456045806818,1.164670348159845
818,818.0,MD,1,41.16020821285799,42.3242982269273,1.1640900140693091
819,819.0,MD,1,41.210526315807634,42.37441694773719,1.1638906319295543
820,820.0,MD,1,41.26084441875728,42.42490606872168,1.1640616499644025
821,821.0,MD,1,41.31116252170692,42.47550741358976,1.1643448918828412
822,822.0,MD,1,41.36148062465656,42.526482323605975,1.1650016989494176
823,823.0,MD,1,41.4117987276062,42.57693427339343,1.1651355457872299
824,824.0,MD,1,41.462116830555836,42.626852791572816,1.16473596101698
825,825.0,MD,1,41.512434933505475,42.67648468263411,1.1640497491286368
826,826.0,MD,1,41.56275303645512,42.726444331534935,1.1636912950798148
827,827.0,MD,1,41.61307113940477,42.777125482122585,1.1640543427178187
828,828.0,MD,1,41.66338924235441,42.828510192694964,1.165120950340551
829,829.0,MD,1,41.71370734530406,42.87957700822081,1.165869662916748
830,830.0,MD,1,41.764025448253705,42.9313654581628,1.167340009909097
831,831.0,MD,1,41.81434355120335,42.98228438105553,1.1679408298521778
832,832.0,MD,1,41.864661654153004,43.03230937054303,1.1676477163900287
833,833.0,MD,1,41.91497975710265,43.08513375879648,1.170154001693831
834,834.0,MD,1,41.965297860052296,43.13479367817275,1.1694958181204527
835,835.0,MD,1,42.01561596300194,43.18498995127015,1.1693739882682053
836,836.0,MD,1,42.065934065951595,43.23572832349745,1.1697942575458526
837,837.0,MD,1,42.11625216890125,43.28602215795246,1.1697699890512112
838,838.0,MD,1,42.1665702718509,43.33616065036919,1.1695903785182864
839,839.0,MD,1,42.21688837480056,43.38617759174267,1.1692892169421114
840,840.0,MD,1,42.26720647775022,43.43609228786847,1.1688858101182475
841,841.0,MD,1,42.31752458069988,43.484951579410456,1.1674269987105745
842,842.0,MD,1,42.36784268364955,43.53445147390125,1.1666087902517006
843,843.0,MD,1,42.41816078659921,43.583069494261196,1.1649087076619864
844,844.0,MD,1,42.46847888954887,43.63081995773814,1.1623410681892707
845,845.0,MD,1,42.51879699249852,43.68035915606466,1.1615621635661384
846,846.0,MD,1,42.56911509544818,43.729540501132995,1.160425405684812
847,847.0,MD,1,42.61943319839784,43.77940555375307,1.1599723553552295
848,848.0,MD,1,42.6697513013475,43.82997195654873,1.160220655201229
849,849.0,MD,1,42.72006940429716,43.87834920831361,1.1582798040164448
850,854.0,FE,1,42.97165991904545,44.12896661506345,1.1573066960179972
851,859.0,FE,1,43.22325043379374,44.37742364206097,1.1541732082672311
852,864.0,FE,1,43.474840948542024,44.623785697638276,1.1489447490962519
853,869.0,FE,1,43.726431463290304,44.87362437886573,1.147192915575424
854,874.0,FE,1,43.97802197803858,45.124971420644314,1.146949442605731
855,879.0,FE,1,44.22961249278686,45.377115309524996,1.1475028167381325
856,884.0,FE,1,44.481203007535136,45.630032707905585,1.1488297003704488
857,889.0,FE,1,44.73279352228341,45.87554164719753,1.142748124914121
858,894.0,FE,1,44.98438403703168,46.124031385397174,1.139647348365493
859,899.0,FE,1,45.235974551779954,46.37382182883825,1.1378472770582988
860,904.0,FE,1,45.48756506652823,46.62464556266578,1.137080496137557
861,909.0,FE,1,45.7391555812765,46.87516526936273,1.136009688086233
862,914.0,FE,1,45.99074609602478,47.12456188304925,1.1338157870244743
863,919.0,FE,1,46.24233661077305,47.374680298949905,1.132343688176853
864,924.0,FE,1,46.49392712552133,47.62526091931813,1.1313337937967987
865,929.0,FE,1,46.74551764026961,47.87495867307247,1.129441032802859
866,934.0,FE,1,46.997108155017884,48.12269412991416,1.1255859748962749
867,939.0,FE,1,47.248698669766156,48.371021279780855,1.1223226100146988
868,944.0,FE,1,47.500289184514436,48.619826691430525,1.1195375069160889
869,949.0,FE,1,47.751879699262716,48.86970859182134,1.1178288925586273
870,954.0,FE,1,48.003470214010996,49.12347701386965,1.1200067998586576
871,959.0,FE,1,48.25506072875928,49.377353890756055,1.1222931619967724
872,964.0,FE,1,48.50665124350757,49.63113257228241,1.1244813287748414
873,969.0,FE,1,48.758241758255856,49.88545839924454,1.127216640988685
874,974.0,FE,1,49.009832273004136,50.13685638148115,1.1270241084770163
875,979.0,FE,1,49.26142278775242,50.38906909815674,1.127646310404316
876,984.0,FE,1,49.51301330250071,50.64190795596866,1.1288946534679525
877,989.0,FE,1,49.764603817249,50.893931742244625,1.1293279249956285
878,994.0,FE,1,50.016194331997276,51.14561718222601,1.1294228502287353
879,999.0,FE,1,50.267784846745556,51.39647970859253,1.1286948618469737
880,1004.0,FE,1,50.51937536149383,51.64635917724328,1.1269838157494547
881,1009.0,FE,1,50.7709658762421,51.89534316976259,1.1243772935204888
882,1014.0,FE,1,51.022556390990374,52.146155662399856,1.123599271409482
883,1019.0,FE,1,51.27414690573864,52.397022493349034,1.1228755876103946
884,1024.0,FE,1,51.525737420486905,52.6478309123071,1.1220934918201948
885,1029.0,FE,1,51.77732793523517,52.89688579614133,1.1195578609061627
886,1034.0,FE,1,52.02891844998344,53.14528638621138,1.1163679362279382
887,1039.0,FE,1,52.28050896473171,53.39419155554813,1.113682590816424
888,1044.0,FE,1,52.532099479479974,53.64355294608173,1.111453466601759
889,1049.0,FE,1,52.78368999422824,53.88967882785367,1.1059888336254318
890,1054.0,FE,1,53.03528050897651,54.139517057649066,1.104236548672553
891,1059.0,FE,1,53.286871023724785,54.388835274425404,1.1019642507006182
892,1064.0,FE,1,53.53846153847306,54.637263306135964,1.0988017676629056
893,1069.0,FE,1,53.79005205322133,54.88585190199381,1.0957998487724794
894,1074.0,FE,1,54.0416425679696,55.13199042231622,1.0903478543466179
895,1079.0,FE,1,54.29323308271788,55.377427910826,1.0841948281081173
896,1084.0,FE,1,54.54482359746616,55.622449114252554,1.0776255167863908
897,1089.0,FE,1,54.79641411221445,55.866754157861045,1.0703400456465957
898,1094.0,FE,1,55.04800462696274,56.10938089310825,1.0613762661455155
899,1099.0,FE,1,55.29959514171102,56.35064028465751,1.051045142946485
900,1104.0,FE,1,55.55118565645932,56.59024518298693,1.0390595265276161
901,1109.0,FE,1,55.80277617120761,56.83138338231838,1.0286072111107671
902,1114.0,FE,1,56.0543666859559,57.069928733270935,1.0155620473150364
903,1119.0,FE,1,56.305957200704185,57.30773337454565,1.0017761738414634
904,1124.0,FE,1,56.55754771545247,57.54459222128384,0.9870445058313706
905,1129.0,FE,1,56.809138230200766,57.78321101173141,0.9740727815306442
906,1134.0,FE,1,57.06072874494906,58.019546910204504,0.9588181652554439
907,1139.0,FE,1,57.312319259697354,58.25526053161528,0.942941271917924
908,1144.0,FE,1,57.56390977444565,58.49016971900185,0.9262599445562003
909,1149.0,FE,1,57.815500289193935,58.72601505000471,0.9105147608107771
910,1154.0,FE,1,58.06709080394222,58.95868740956222,0.891596605620002
911,1159.0,FE,1,58.3186813186905,59.19124319994739,0.8725618812568854
912,1164.0,FE,1,58.57027183343878,59.423890162315445,0.8536183288766637
913,1169.0,FE,1,58.82186234818706,59.65798413711202,0.8361217889249559
914,1174.0,FE,1,59.07345286293534,59.888609249502736,0.815156386567395
915,1179.0,FE,1,59.32504337768363,60.118098374450234,0.7930549967666067
916,1184.0,FE,1,59.57663389243192,60.346462464913316,0.7698285724813942
917,1189.0,FE,1,59.82822440718022,60.576015358047584,0.7477909508673619
918,1194.0,FE,1,60.07981492192853,60.80402218487908,0.72420726295055
919,1199.0,FE,1,60.33140543667684,61.03245082529629,0.7010453886194483
920,1204.0,FE,1,60.58299595142514,61.261655871439764,0.6786599200146242
921,1209.0,FE,1,60.83458646617345,61.49274950689473,0.6581630407212842
922,1214.0,FE,1,61.08617698092175,61.723216605536045,0.637039624614296
923,1219.0,FE,1,61.33776749567004,61.95441714365772,0.6166496479876784
924,1224.0,FE,1,61.58935801041833,62.186215250381146,0.5968572399628158
925,1229.0,FE,1,61.84094852516662,62.419227226181164,0.5782787010145469
926,1234.0,FE,1,62.09253903991491,62.65374046345317,0.5612014235382574
927,1239.0,FE,1,62.3441295546632,62.8898030746907,0.5456735200274991
928,1244.0,FE,1,62.595720069411485,63.127079748974054,0.5313596795625699
929,1249.0,FE,1,62.84731058415978,63.36625484331628,0.5189442591564983
930,1254.0,FE,1,63.09890109890807,63.605640532894085,0.506739433986013
931,1259.0,FE,1,63.35049161365636,63.84558173122078,0.49509011756442334
932,1264.0,FE,1,63.60208212840466,64.08602899214439,0.4839468637397317
933,1269.0,FE,1,63.85367264315295,64.3267061642467,0.47303352109375396
934,1274.0,FE,1,64.10526315790123,64.56882886782032,0.46356570991908086
935,1279.0,FE,1,64.35685367264952,64.81190763376276,0.4550539611132365
936,1284.0,FE,1,64.60844418739781,65.05568380153564,0.4472396141378283
937,1289.0,FE,1,64.8600347021461,65.29957949515907,0.43954479301297056
938,1294.0,FE,1,65.11162521689438,65.54487590408723,0.433250687192853
939,1299.0,FE,1,65.36321573164267,65.79105016910296,0.42783443746029093
940,1304.0,FE,1,65.61480624639096,66.03796128192198,0.42315503553102474
941,1309.0,FE,1,65.86639676113926,66.28548947601674,0.419092714877479
942,1314.0,FE,1,66.11798727588756,66.53503498471295,0.4170477088253932
943,1319.0,FE,1,66.36957779063584,66.78460846498317,0.4150306743473209
944,1324.0,FE,1,66.62116830538415,67.03415591013935,0.4129876047552017
945,1329.0,FE,1,66.87275882013243,67.28137503935115,0.4086162192187146
946,1334.0,FE,1,67.12434933488072,67.5301910899132,0.4058417550324833
947,1339.0,FE,1,67.37593984962902,67.77987860468302,0.4039387550539999
948,1344.0,FE,1,67.62753036437732,68.03029959726288,0.40276923288556077
949,1349.0,FE,1,67.87912087912564,68.27993666212662,0.4008157830009793
950,1354.0,FE,1,68.13071139387395,68.5295875333287,0.39887613945474243
951,1359.0,FE,1,68.38230190862228,68.77845739422682,0.39615548560453817
952,1364.0,FE,1,68.63389242337063,69.026656538123,0.3927641147523815
953,1369.0,FE,1,68.88548293811897,69.27366731231965,0.38818437420067653
954,1374.0,FE,1,69.13707345286731,69.52151328786177,0.38443983499445267
955,1379.0,FE,1,69.38866396761566,69.7678183181326,0.37915435051694146
956,1384.0,FE,1,69.640254482364,70.01254085593582,0.3722863735718249
957,1389.0,FE,1,69.89184499711234,70.25689552518494,0.36505052807260086
958,1394.0,FE,1,70.1434355118607,70.50014350828233,0.3567079964216333
959,1399.0,FE,1,70.39502602660906,70.74250235018218,0.34747632357311886
960,1404.0,FE,1,70.6466165413574,70.9842083074143,0.337591766056903
961,1409.0,FE,1,70.89820705610575,71.22731582086317,0.32910876475742157
962,1414.0,FE,1,71.14979757085409,71.46739261747003,0.31759504661593496
963,1419.0,FE,1,71.40138808560242,71.70591931328305,0.3045312276806271
964,1424.0,FE,1,71.65297860035075,71.94368771167348,0.2907091113227267
965,1429.0,FE,1,71.90456911509908,72.18320704669395,0.27863793159487216
966,1434.0,FE,1,72.1561596298474,72.42251541701496,0.26635578716756925
967,1439.0,FE,1,72.40775014459571,72.66370107181821,0.2559509272225
968,1444.0,FE,1,72.65934065934402,72.90668100948027,0.24734035013624123
969,1449.0,FE,1,72.91093117409234,73.14952989125851,0.23859871716616965
970,1454.0,FE,1,73.16252168884066,73.39594177300346,0.2334200841628018
971,1459.0,FE,1,73.41411220358897,73.64074772479587,0.22663552120690156
972,1464.0,FE,1,73.66570271833729,73.88401006383728,0.2183073454999942
973,1469.0,FE,1,73.91729323308562,74.12510463429791,0.2078114012122967
974,1474.0,FE,1,74.16888374783393,74.36369916789884,0.19481542006491281
975,1479.0,FE,1,74.42047426258223,74.60257208139282,0.18209781881058973
976,1484.0,FE,1,74.67206477733053,74.84166553543295,0.16960075810241904
977,1489.0,FE,1,74.92365529207883,75.08267276671951,0.1590174746406774
978,1494.0,FE,1,75.17524580682714,75.32020155979298,0.14495575296584207
979,1499.0,FE,1,75.42683632157544,75.55836596210283,0.1315296405273898
980,1504.0,FE,1,75.67842683632374,75.79721976938805,0.11879293306431293
981,1509.0,FE,1,75.93001735107205,76.04059341913371,0.1105760680616612
982,1514.0,FE,1,76.18160786582037,76.28776694900408,0.10615908318371226
983,1519.0,FE,1,76.43319838056868,76.53596145360457,0.10276307303588794
984,1524.0,FE,1,76.684788895317,76.78545903754873,0.10067014223173487
985,1529.0,FE,1,76.93637941006533,77.03489195144726,0.0985125413819361
986,1534.0,FE,1,77.18796992481366,77.28662731300346,0.09865738818980674
987,1539.0,FE,1,77.43956043956199,77.54003158608587,0.100471146523887
988,1544.0,FE,1,77.69115095431033,77.79531093026628,0.10415997595595172
989,1549.0,FE,1,77.94274146905867,78.04901849402715,0.10627702496847746
990,1554.0,FE,1,78.19433198380702,78.30376516549377,0.10943318168675376
991,1559.0,FE,1,78.44592249855535,78.55643118139218,0.11050868283683712
992,1564.0,FE,1,78.69751301330369,78.80752807227447,0.1100150589707738
993,1569.0,FE,1,78.94910352805204,79.05675408822694,0.10765056017490338
994,1574.0,FE,1,79.20069404280038,79.30811442925709,0.1074203864567096
995,1579.0,FE,1,79.45228455754872,79.55800931036762,0.10572475281890092
996,1584.0,FE,1,79.70387507229708,79.80659931886672,0.10272424656963608
997,1589.0,FE,1,79.95546558704542,80.0504377463213,0.09497215927586922
998,1594.0,FE,1,80.20705610179377,80.28758381902149,0.08052771722772434
999,1599.0,FE,1,80.45864661654211,80.5259616859185,0.06731506937639153
1000,1604.0,FE,1,80.71023713129047,80.76559755998696,0.055360428696488384
1001,1609.0,FE,1,80.96182764603883,81.01201286132554,0.050185215286717266
1002,1614.0,FE,1,81.21341816078719,81.26469859456287,0.051280433775687584
1003,1619.0,FE,1,81.46500867553554,81.51653899505146,0.05153031951591913
1004,1624.0,FE,1,81.71659919028392,81.76783153746113,0.05123234717721914
1005,1629.0,FE,1,81.9681897050323,82.01807960898688,0.04988990395457904
1006,1634.0,FE,1,82.21978021978069,82.26855203117519,0.04877181139450215
1007,1639.0,FE,1,82.47137073452909,82.52053811108134,0.04916737655224779
1008,1644.0,FE,1,82.72296124927747,82.77385705201976,0.05089580274228922
1009,1649.0,FE,1,82.97455176402586,83.02312488026986,0.0485731162440004
1010,1654.0,FE,1,83.22614227877423,83.26951675159567,0.04337447282144069
1011,1659.0,FE,1,83.47773279352262,83.51836100734282,0.040628213820198766
1012,1664.0,FE,1,83.72932330827099,83.76961020682371,0.04028689855272205
1013,1669.0,FE,1,83.98091382301936,84.0158072584136,0.03489343539423828
1014,1674.0,FE,1,84.23250433776772,84.2552655626308,0.022761224863074858
1015,1679.0,FE,1,84.48409485251608,84.4996061267662,0.015511274250116003
1016,1684.0,FE,1,84.73568536726445,84.74883611995081,0.013150752686357237
1017,1689.0,FE,1,84.98727588201282,84.9987419989009,0.011466116888072975
1018,1694.0,FE,1,85.23886639676121,85.25127086711487,0.012404470353658326
1019,1699.0,FE,1,85.4904569115096,85.50088427476071,0.010427363251110933
1020,1704.0,FE,1,85.742047426258,85.74782772269772,0.0057802964397239975
1021,1709.0,FE,1,85.99363794100641,85.99822461393214,0.004586672925725566
1022,1714.0,FE,1,86.24522845575483,86.2517119268976,0.006483471142772146
1023,1719.0,FE,1,86.49681897050323,86.50156540192073,0.00474643141750164
1024,1724.0,FE,1,86.74840948525161,86.74800653739527,0.00040294785634387154
1025,1729.0,FE,0,87.0,87.0,0.0
